"","city","year","origintime","magnitude","depth"
"1","Canterbury","2010",2010-12-26 11:10:49,4,5.0551
"2","Canterbury","2010",2010-12-25 21:30:15,4.7,5.0293
"3","Canterbury","2010",2010-12-25 13:32:09,4.56,6.6561
"4","Canterbury","2010",2010-11-14 06:21:05,4.4,10.7049
"5","Canterbury","2010",2010-11-13 12:34:06,4.4,10.3896
"6","Canterbury","2010",2010-11-06 13:52:03,4.6,8.262
"7","Canterbury","2010",2010-11-01 06:19:55,4.2,8.0477
"8","Canterbury","2010",2010-10-24 02:13:29,4.4,8.8592
"9","Canterbury","2010",2010-10-19 20:17:55,4.1,8.8454
"10","Canterbury","2010",2010-10-18 22:32:15,4.8,5
"11","Canterbury","2010",2010-10-17 20:28:22,4.1,10.6705
"12","Canterbury","2010",2010-10-15 09:31:40,4.3,7.908
"13","Canterbury","2010",2010-10-13 03:42:30,4.3,10.3521
"14","Canterbury","2010",2010-10-07 17:17:09,4,10.4969
"15","Canterbury","2010",2010-10-04 09:21:50,4.8,10.3314
"16","Canterbury","2010",2010-09-29 20:39:19,4.1,9.7299
"17","Canterbury","2010",2010-09-27 08:48:32,4.1,9.6975
"18","Canterbury","2010",2010-09-24 21:22:22,4,9.4829
"19","Canterbury","2010",2010-09-23 15:40:17,4.2,11.0779
"20","Canterbury","2010",2010-09-22 18:22:26,4.1,8.9834
"21","Canterbury","2010",2010-09-19 12:30:03,4.2,8.4387
"22","Canterbury","2010",2010-09-17 22:03:47,4.2,9.6229
"23","Canterbury","2010",2010-09-17 13:37:38,4.1,6.6793
"24","Canterbury","2010",2010-09-16 12:08:53,4.1,7.8975
"25","Canterbury","2010",2010-09-16 10:58:14,4.2,8.2178
"26","Canterbury","2010",2010-09-16 10:56:46,4,8.632
"27","Canterbury","2010",2010-09-15 15:13:51,4,9.0591
"28","Canterbury","2010",2010-09-15 10:42:41,4,9.6734
"29","Canterbury","2010",2010-09-14 12:36:06,4,7.335
"30","Canterbury","2010",2010-09-13 21:12:09,4.1,9.9226
"31","Canterbury","2010",2010-09-12 05:27:02,4.2,8.2252
"32","Canterbury","2010",2010-09-11 18:03:22,4.2,9.7135
"33","Canterbury","2010",2010-09-09 19:10:20,4.2,9.0165
"34","Canterbury","2010",2010-09-09 00:38:57,4.123,11.1123
"35","Canterbury","2010",2010-09-08 14:49:59,4,9.3545
"36","Canterbury","2010",2010-09-08 02:50:00,4,8.262
"37","Canterbury","2010",2010-09-07 21:01:37,4,6.9385
"38","Canterbury","2010",2010-09-07 19:49:57,4.7,7.4851
"39","Canterbury","2010",2010-09-07 19:42:45,4.012,6.8551
"40","Canterbury","2010",2010-09-07 15:59:14,4.3,8.7677
"41","Canterbury","2010",2010-09-07 12:41:09,4.3,9.324
"42","Canterbury","2010",2010-09-06 15:24:44,4.8,15.2834
"43","Canterbury","2010",2010-09-06 12:21:27,4.2,9.4562
"44","Canterbury","2010",2010-09-06 11:40:50,5,7.566
"45","Canterbury","2010",2010-09-06 11:25:23,4.545,7.7294
"46","Canterbury","2010",2010-09-06 11:24:01,4.8,8.5678
"47","Canterbury","2010",2010-09-06 06:01:52,4.2,8.4823
"48","Canterbury","2010",2010-09-06 03:34:46,4,5.6146
"49","Canterbury","2010",2010-09-06 03:07:42,4.1,9.8472
"50","Canterbury","2010",2010-09-06 00:35:04,4.1,15.0139
"51","Canterbury","2010",2010-09-05 16:06:26,4.2,8.6686
"52","Canterbury","2010",2010-09-05 09:07:52,4.107,7.5701
"53","Canterbury","2010",2010-09-05 01:04:56,4.5,7.4867
"54","Canterbury","2010",2010-09-04 21:46:09,4,10.0671
"55","Canterbury","2010",2010-09-04 17:53:13,4,7.0111
"56","Canterbury","2010",2010-09-04 17:28:39,4.036,5
"57","Canterbury","2010",2010-09-04 17:20:31,4.7,7.8282
"58","Canterbury","2010",2010-09-04 17:17:56,4.3,8.4453
"59","Canterbury","2010",2010-09-04 16:23:19,4,7.9415
"60","Canterbury","2010",2010-09-04 10:38:01,4.6,8.4368
"61","Canterbury","2010",2010-09-04 10:34:52,4,8.2441
"62","Canterbury","2010",2010-09-04 08:54:27,4.3,9.3705
"63","Canterbury","2010",2010-09-04 07:07:07,4.4,8.6373
"64","Canterbury","2010",2010-09-04 07:03:14,4.3,6.235
"65","Canterbury","2010",2010-09-04 06:54:11,4,8.1574
"66","Canterbury","2010",2010-09-04 06:40:59,4.021,5
"67","Canterbury","2010",2010-09-04 04:55:56,4.8,9.8039
"68","Canterbury","2010",2010-09-04 01:52:21,4.1,8.2057
"69","Canterbury","2010",2010-09-04 00:58:33,4.304,7.3002
"70","Canterbury","2010",2010-09-04 00:27:26,4.202,5
"71","Canterbury","2010",2010-09-03 23:05:43,4.127,5
"72","Canterbury","2010",2010-09-03 20:15:05,4.4,5
"73","Canterbury","2010",2010-09-03 19:07:01,4.6,15.4167
"74","Canterbury","2010",2010-09-03 18:33:15,4.172,11.6033
"75","Canterbury","2010",2010-09-03 18:18:03,4.208,8.3737
"76","Canterbury","2010",2010-09-03 18:17:59,4.274,17.3945
"77","Canterbury","2010",2010-09-03 18:15:25,4.132,5
"78","Canterbury","2010",2010-09-03 18:09:19,4.131,6.6973
"79","Canterbury","2010",2010-09-03 18:04:07,4.083,21.0848
"80","Canterbury","2010",2010-09-03 18:01:11,4.416,8.2243
"81","Canterbury","2010",2010-09-03 17:57:50,4.298,5
"82","Canterbury","2010",2010-09-03 17:57:23,4.486,5
"83","Canterbury","2010",2010-09-03 17:56:55,4.073,5
"84","Canterbury","2010",2010-09-03 17:55:04,4.293,5.9286
"85","Canterbury","2010",2010-09-03 17:46:21,4.171,15.1819
"86","Canterbury","2010",2010-09-03 17:44:03,4.264,9.8504
"87","Canterbury","2010",2010-09-03 17:43:08,4.071,7.0086
"88","Canterbury","2010",2010-09-03 17:39:33,4.233,5
"89","Canterbury","2010",2010-09-03 17:38:54,4.533,5
"90","Canterbury","2010",2010-09-03 17:38:11,4.514,9.621
"91","Canterbury","2010",2010-09-03 17:31:21,4.397,10.0522
"92","Canterbury","2010",2010-09-03 17:31:00,4.408,8.4279
"93","Canterbury","2010",2010-09-03 17:28:16,4.441,12.7174
"94","Canterbury","2010",2010-09-03 17:28:08,4.118,8.852
"95","Canterbury","2010",2010-09-03 17:26:04,4.692,7.8645
"96","Canterbury","2010",2010-09-03 17:24:25,4.266,5
"97","Canterbury","2010",2010-09-03 17:24:05,4.255,11.4933
"98","Canterbury","2010",2010-09-03 17:23:52,4.113,6.8935
"99","Canterbury","2010",2010-09-03 17:22:40,4.575,12
"100","Canterbury","2010",2010-09-03 17:21:48,4.18,11.0415
"101","Canterbury","2010",2010-09-03 17:21:41,4.202,7.6136
"102","Canterbury","2010",2010-09-03 17:20:54,4.19,10.477
"103","Canterbury","2010",2010-09-03 17:18:37,5.05,5.7404
"104","Canterbury","2010",2010-09-03 17:18:21,4.728,8.3859
"105","Canterbury","2010",2010-09-03 17:18:06,4.529,10
"106","Canterbury","2010",2010-09-03 17:17:16,4.203,18.0402
"107","Canterbury","2010",2010-09-03 17:13:41,4.301,8.8772
"108","Canterbury","2010",2010-09-03 17:09:25,4.245,7.0828
"109","Canterbury","2010",2010-09-03 17:08:56,4.117,9.9906
"110","Canterbury","2010",2010-09-03 17:06:31,4.699,8.872
"111","Canterbury","2010",2010-09-03 17:01:46,4.214,9.1659
"112","Canterbury","2010",2010-09-03 17:01:12,4.315,9.514
"113","Canterbury","2010",2010-09-03 16:59:51,4.767,7.4454
"114","Canterbury","2010",2010-09-03 16:59:20,5.504,8.0537
"115","Canterbury","2010",2010-09-03 16:59:12,4.686,9.1392
"116","Canterbury","2010",2010-09-03 16:58:05,4.292,5
"117","Canterbury","2010",2010-09-03 16:57:56,4.522,10.1487
"118","Canterbury","2010",2010-09-03 16:56:10,4.751,9.5176
"119","Canterbury","2010",2010-09-03 16:52:56,5.468,7.4831
"120","Canterbury","2010",2010-09-03 16:51:06,4.343,9.4366
"121","Canterbury","2010",2010-09-03 16:50:05,4.664,9.2996
"122","Canterbury","2010",2010-09-03 16:49:49,4.174,20.357
"123","Canterbury","2010",2010-09-03 16:48:49,4.95,8.559
"124","Canterbury","2010",2010-09-03 16:48:30,4.324,6.1263
"125","Canterbury","2010",2010-09-03 16:48:09,4.382,31.4
"126","Canterbury","2010",2010-09-03 16:48:02,4.429,13.2374
"127","Canterbury","2010",2010-09-03 16:47:25,4.414,5
"128","Canterbury","2010",2010-09-03 16:46:35,4.516,5
"129","Canterbury","2010",2010-09-03 16:46:07,4.817,7.1462
"130","Canterbury","2010",2010-09-03 16:45:31,4.727,18.6778
"131","Canterbury","2010",2010-09-03 16:44:57,5.359,6.6817
"132","Canterbury","2010",2010-09-03 16:44:12,4.491,11.324
"133","Canterbury","2010",2010-09-03 16:43:51,4.569,12.7419
"134","Canterbury","2010",2010-09-03 16:43:28,5.144,9.4878
"135","Canterbury","2010",2010-09-03 16:42:47,4.979,9.3622
"136","Canterbury","2010",2010-09-03 16:42:28,4.912,8.1763
"137","Canterbury","2010",2010-09-03 16:42:20,4.945,11.2593
"138","Canterbury","2010",2010-09-03 16:42:00,4.822,5
"139","Canterbury","2010",2010-09-03 16:41:17,4.971,9.8851
"140","Canterbury","2010",2010-09-03 16:40:20,4.75,24.8006
"141","Canterbury","2010",2010-09-03 16:40:13,4.565,8.317
"142","Canterbury","2010",2010-09-03 16:39:56,4.921,14.2405
"143","Canterbury","2010",2010-09-03 16:39:03,5.335,17.6058
"144","Canterbury","2010",2010-09-03 16:38:42,5.162,10.1591
"145","Canterbury","2010",2010-09-03 16:38:17,5.434,6.2919
"146","Canterbury","2010",2010-09-03 16:37:36,5.532,11.8823
"147","Canterbury","2010",2010-09-03 16:37:17,5.114,7.8273
"148","Canterbury","2010",2010-09-03 16:37:02,5.815,10.0257
"149","Canterbury","2010",2010-09-03 16:35:41,7.2,11.0426
"150","Canterbury","2010",2010-06-01 21:07:08,4.34,53.2116
"151","Canterbury","2009",2009-11-04 02:52:41,4.609,89.719
"152","Canterbury","2009",2009-11-03 20:59:57,4.2,2
"153","Canterbury","2009",2009-04-13 02:31:35,4,5
"154","Canterbury","2009",2009-03-27 16:46:41,4.6,14.1454
"155","Canterbury","2009",2009-01-30 08:26:57,4.4,7.7651
"156","Canterbury","2008",2008-12-17 19:54:59,4.6,7.2539
"157","Canterbury","2008",2008-09-26 07:23:02,5,23.8942
"158","Canterbury","2008",2008-09-25 03:57:18,4.4,20.2489
"159","Canterbury","2008",2008-09-24 22:40:37,4.724,20.9535
"160","Canterbury","2008",2008-09-05 02:35:37,4.5,12
"161","Canterbury","2008",2008-07-12 17:20:33,4,12
"162","Canterbury","2008",2008-03-04 16:01:09,4.383,33
"163","Canterbury","2008",2008-01-10 01:27:48,4.334,72.1121
"164","Canterbury","2007",2007-11-06 23:38:18,4,60.3748
"165","Canterbury","2007",2007-11-06 22:17:38,4.9,59.4216
"166","Canterbury","2007",2007-10-06 12:52:23,4.3,70.3691
"167","Canterbury","2007",2007-10-03 19:21:15,4.042,82.4615
"168","Canterbury","2007",2007-10-03 19:15:11,5.5,56.7151
"169","Canterbury","2007",2007-08-24 01:31:22,4.008,5.7449
"170","Canterbury","2007",2007-05-11 12:56:36,4.2,28.1656
"171","Canterbury","2007",2007-05-03 00:00:43,4,5
"172","Canterbury","2006",2006-11-18 14:47:33,4,5
"173","Canterbury","2006",2006-08-08 01:47:46,4.1,5
"174","Canterbury","2006",2006-07-03 01:44:55,4.464,46.404
"175","Canterbury","2005",2005-11-20 00:43:49,4.009,33
"176","Canterbury","2005",2005-10-13 18:11:41,4.5,9.6381
"177","Canterbury","2005",2005-04-02 02:08:10,4.303,12
"178","Canterbury","2005",2005-04-02 02:07:50,4.7,10.86
"179","Canterbury","2005",2005-03-19 14:40:38,4,9.6158
"180","Canterbury","2015",2015-12-11 23:17:15,4.313464134,26.01298141
"181","Canterbury","2015",2015-10-09 13:26:51,4.022645338,9.003619194
"182","Canterbury","2015",2015-09-19 12:02:10,4.258936129,16.484375
"183","Canterbury","2015",2015-07-06 05:45:15,4.960596569,12.1975
"184","Canterbury","2015",2015-06-11 04:55:45,4.800511684,33
"185","Canterbury","2015",2015-05-22 17:40:39,4.522693303,36.16589737
"186","Canterbury","2015",2015-05-11 18:54:25,4.028555863,10.7421875
"187","Canterbury","2015",2015-04-24 14:35:25,4.095543454,47.28900528
"188","Canterbury","2015",2015-04-24 03:38:03,4.922972497,47.0703125
"189","Canterbury","2015",2015-04-24 03:36:42,6.233120551,51.5234375
"190","Canterbury","2015",2015-03-26 13:12:37,4.238272825,8.6328125
"191","Canterbury","2015",2015-01-30 21:38:21,4.11823955,5
"192","Canterbury","2014",2014-12-24 06:43:44,4.109074512,5.8203125
"193","Canterbury","2014",2014-12-12 13:37:04,4.459033819,9.39453125
"194","Canterbury","2014",2014-09-12 00:18:11,4.503853721,18.30078125
"195","Canterbury","2014",2014-03-29 21:25:25,4.0650587,6.6992188
"196","Canterbury","2014",2014-03-20 04:41:48,4.1931385,9.9804688
"197","Canterbury","2014",2014-02-01 00:41:25,4.2581028,12.0375
"198","Canterbury","2014",2014-01-10 02:33:54,4.3212597,7.6367188
"199","Canterbury","2013",2013-11-18 10:36:22,4.596799416,9.3359375
"200","Canterbury","2013",2013-10-30 15:21:55,4.152195166,4.663796425
"201","Canterbury","2013",2013-09-30 20:44:58,4.21269775,5
"202","Canterbury","2013",2013-09-20 04:23:29,4.057141197,4.889946938
"203","Canterbury","2013",2013-08-30 20:01:53,4.270060731,9.39453125
"204","Canterbury","2013",2013-08-23 09:43:17,4.23366001,58.203125
"205","Canterbury","2013",2013-07-29 04:37:48,4.715072519,12.1484375
"206","Canterbury","2013",2013-05-17 03:59:07,4.080596366,8.10546875
"207","Canterbury","2013",2013-05-06 19:22:57,4.327814547,25.2734375
"208","Canterbury","2013",2013-01-19 08:15:08,4.594606903,10.00976562
"209","Canterbury","2012",2012-10-23 14:17:47,4.093243805,14.08203125
"210","Canterbury","2012",2012-10-09 22:51:19,4.127008728,15.22460938
"211","Canterbury","2012",2012-09-21 01:35:04,4.246118826,13.49609375
"212","Canterbury","2012",2012-08-18 08:37:16,4.379809769,33
"213","Canterbury","2012",2012-07-10 11:32:16,4.525372354,9.04296875
"214","Canterbury","2012",2012-07-06 03:29:29,4.907542424,9.62890625
"215","Canterbury","2012",2012-06-29 00:10:55,4.086412643,10.44921875
"216","Canterbury","2012",2012-06-11 14:34:34,4.073125484,9.98046875
"217","Canterbury","2012",2012-06-01 20:52:49,4.204618014,15.48828125
"218","Canterbury","2012",2012-05-30 22:27:58,4.502124901,24.1015625
"219","Canterbury","2012",2012-05-27 17:00:28,4.504022587,15.72265625
"220","Canterbury","2012",2012-05-25 02:44:49,5.475451422,14.7265625
"221","Canterbury","2012",2012-05-20 05:06:56,4.669733262,10.21484375
"222","Canterbury","2012",2012-05-15 01:27:16,4.516708298,11.03515625
"223","Canterbury","2012",2012-05-09 19:36:04,4.139105498,36.9921875
"224","Canterbury","2012",2012-04-24 12:53:35,4.13982763,9.5703125
"225","Canterbury","2012",2012-04-22 10:08:53,4.161907171,13.0859375
"226","Canterbury","2012",2012-04-12 00:00:50,4.528781961,10.80078125
"227","Canterbury","2012",2012-04-06 11:33:36,4.009298466,9.16015625
"228","Canterbury","2012",2012-03-17 11:55:24,4.125046845,11.50390625
"229","Canterbury","2012",2012-02-25 10:27:19,4.295113398,15.37109375
"230","Canterbury","2012",2012-02-08 11:51:35,4.13043092,6.81640625
"231","Canterbury","2012",2012-02-08 10:06:27,4.081906216,7.16796875
"232","Canterbury","2012",2012-01-28 02:40:32,4.090678153,15.72265625
"233","Canterbury","2012",2012-01-27 07:42:00,4.534253162,7.109375
"234","Canterbury","2012",2012-01-22 17:46:17,4.465895539,14.140625
"235","Canterbury","2012",2012-01-14 13:47:51,4.730250398,10.09765625
"236","Canterbury","2012",2012-01-12 07:56:56,4.767566935,13.02734375
"237","Canterbury","2012",2012-01-07 01:01:59,4.502171615,10.91796875
"238","Canterbury","2012",2012-01-06 12:21:36,5.221109098,11.97265625
"239","Canterbury","2012",2012-01-06 07:04:15,4.459532634,18.2421875
"240","Canterbury","2012",2012-01-06 01:20:56,4.964050014,5.0025
"241","Canterbury","2012",2012-01-04 19:28:54,4.639923793,5
"242","Canterbury","2012",2012-01-04 11:31:15,4.080565615,5
"243","Canterbury","2012",2012-01-03 17:46:17,4.013132738,8.42732811
"244","Canterbury","2012",2012-01-03 16:27:05,4.000892627,5
"245","Canterbury","2012",2012-01-02 05:59:15,4.886299217,5
"246","Canterbury","2012",2012-01-01 20:01:12,4.102019846,5
"247","Canterbury","2012",2012-01-01 17:06:45,4.078919743,5
"248","Canterbury","2012",2012-01-01 16:50:17,4.274054215,4.705088615
"249","Canterbury","2012",2012-01-01 16:48:11,4.174411099,7.21749115
"250","Canterbury","2012",2012-01-01 16:46:36,4.195059624,5.777195454
"251","Canterbury","2012",2012-01-01 16:45:17,5.458549751,11.87032986
"252","Canterbury","2012",2012-01-01 16:45:05,5.314901446,9.765994072
"253","Canterbury","2012",2012-01-01 12:31:27,4.376410474,5
"254","Canterbury","2012",2012-01-01 12:27:57,5.089474533,9.005116463
"255","Canterbury","2011",2011-12-31 00:44:47,4.5,9.2915
"256","Canterbury","2011",2011-12-29 15:45:17,4.1,8.716
"257","Canterbury","2011",2011-12-29 09:48:51,4,11.5474
"258","Canterbury","2011",2011-12-23 17:57:26,4.028,8.9034
"259","Canterbury","2011",2011-12-23 17:37:31,4.9,5
"260","Canterbury","2011",2011-12-23 12:30:19,4.1,6.2572
"261","Canterbury","2011",2011-12-23 04:46:04,4.078,5
"262","Canterbury","2011",2011-12-23 04:00:39,4.013,14.5359
"263","Canterbury","2011",2011-12-23 03:50:14,4.7,8.7381
"264","Canterbury","2011",2011-12-23 03:24:05,4.3,6.7018
"265","Canterbury","2011",2011-12-23 03:22:07,4.144,14.6574
"266","Canterbury","2011",2011-12-23 03:14:35,4.2,10.3427
"267","Canterbury","2011",2011-12-23 02:47:58,4.649,8.8112
"268","Canterbury","2011",2011-12-23 02:40:00,4.356,7.7748
"269","Canterbury","2011",2011-12-23 02:23:38,4.153,10.9023
"270","Canterbury","2011",2011-12-23 02:22:18,4.057,8.8851
"271","Canterbury","2011",2011-12-23 02:20:03,4.112,10.6238
"272","Canterbury","2011",2011-12-23 02:19:55,4.111,6.5018
"273","Canterbury","2011",2011-12-23 02:18:03,5.9,7.4865
"274","Canterbury","2011",2011-12-23 01:50:25,4.067,9.5686
"275","Canterbury","2011",2011-12-23 01:41:39,4.37,6.9179
"276","Canterbury","2011",2011-12-23 01:30:27,4.4,9.3022
"277","Canterbury","2011",2011-12-23 01:14:58,4.086,8.5276
"278","Canterbury","2011",2011-12-23 01:11:23,4.535,8.0818
"279","Canterbury","2011",2011-12-23 01:07:51,4.704,7.4752
"280","Canterbury","2011",2011-12-23 01:07:20,4.537,12.3875
"281","Canterbury","2011",2011-12-23 01:06:26,5.4,7.4785
"282","Canterbury","2011",2011-12-23 01:02:57,4.281,9.2805
"283","Canterbury","2011",2011-12-23 01:00:53,5,7.7364
"284","Canterbury","2011",2011-12-23 01:00:50,4.053,5
"285","Canterbury","2011",2011-12-23 01:00:25,4.291,9.1263
"286","Canterbury","2011",2011-12-23 00:59:58,4.463,7.8092
"287","Canterbury","2011",2011-12-23 00:58:38,5.8,10.0147
"288","Canterbury","2011",2011-10-09 07:34:41,4.9,8.0863
"289","Canterbury","2011",2011-10-08 03:17:48,4.6,7.1827
"290","Canterbury","2011",2011-09-10 23:19:09,4.3,10.2324
"291","Canterbury","2011",2011-09-01 15:29:51,4.6,9.4811
"292","Canterbury","2011",2011-08-31 01:30:51,4.3,8.7441
"293","Canterbury","2011",2011-08-22 08:36:34,4,9.4595
"294","Canterbury","2011",2011-08-03 15:08:36,4,8.1904
"295","Canterbury","2011",2011-07-23 00:33:37,4,11.3489
"296","Canterbury","2011",2011-07-21 17:39:32,4.7,12.1836
"297","Canterbury","2011",2011-07-07 06:39:01,4.1,10.2792
"298","Canterbury","2011",2011-06-26 13:20:42,4.33,6.4994
"299","Canterbury","2011",2011-06-24 04:49:51,4.183,6.0991
"300","Canterbury","2011",2011-06-21 15:28:08,4.1,8.9825
"301","Canterbury","2011",2011-06-21 10:38:05,4.3,7.1741
"302","Canterbury","2011",2011-06-21 10:34:22,5.2,8.8226
"303","Canterbury","2011",2011-06-18 08:27:09,4.026,5
"304","Canterbury","2011",2011-06-17 18:50:50,4.1,5.5953
"305","Canterbury","2011",2011-06-17 04:21:57,4.2,8.7107
"306","Canterbury","2011",2011-06-17 02:39:11,4.3,5.3026
"307","Canterbury","2011",2011-06-16 18:37:27,4.1,9.5828
"308","Canterbury","2011",2011-06-15 02:27:08,4,5
"309","Canterbury","2011",2011-06-15 01:03:42,4.6,5
"310","Canterbury","2011",2011-06-14 18:32:02,4.165,6.2328
"311","Canterbury","2011",2011-06-14 18:27:24,4.8,5
"312","Canterbury","2011",2011-06-14 04:16:25,4.5,5
"313","Canterbury","2011",2011-06-13 14:48:08,4.2,5.7152
"314","Canterbury","2011",2011-06-13 02:54:08,4.095,5.7693
"315","Canterbury","2011",2011-06-13 02:45:45,4.033,5.0117
"316","Canterbury","2011",2011-06-13 02:40:41,4.389,5
"317","Canterbury","2011",2011-06-13 02:40:30,4.691,4.1828
"318","Canterbury","2011",2011-06-13 02:30:00,4.267,4.2511
"319","Canterbury","2011",2011-06-13 02:29:51,4.081,8.107
"320","Canterbury","2011",2011-06-13 02:27:45,4.323,5
"321","Canterbury","2011",2011-06-13 02:26:41,4.042,6.8356
"322","Canterbury","2011",2011-06-13 02:23:53,4.087,5
"323","Canterbury","2011",2011-06-13 02:23:40,4.711,5.1119
"324","Canterbury","2011",2011-06-13 02:23:23,4.169,7.5793
"325","Canterbury","2011",2011-06-13 02:23:19,4.042,9.2704
"326","Canterbury","2011",2011-06-13 02:22:43,4.843,5
"327","Canterbury","2011",2011-06-13 02:21:48,4.739,6.8412
"328","Canterbury","2011",2011-06-13 02:21:44,4.556,5
"329","Canterbury","2011",2011-06-13 02:21:23,5.214,10.2798
"330","Canterbury","2011",2011-06-13 02:20:49,6,6.916
"331","Canterbury","2011",2011-06-13 01:08:32,4.395,6.4438
"332","Canterbury","2011",2011-06-13 01:01:00,5.3,8.8973
"333","Canterbury","2011",2011-06-13 00:29:44,4,7.3534
"334","Canterbury","2011",2011-06-06 05:04:19,4.1,8.847
"335","Canterbury","2011",2011-06-05 21:09:55,5.1,9.0015
"336","Canterbury","2011",2011-05-09 21:09:19,4.038,12
"337","Canterbury","2011",2011-05-09 15:04:23,4.9,12
"338","Canterbury","2011",2011-04-29 19:08:04,4.9,10.7218
"339","Canterbury","2011",2011-04-26 10:07:46,4.042,7.1036
"340","Canterbury","2011",2011-04-16 05:49:22,5,8.9584
"341","Canterbury","2011",2011-03-20 08:47:40,4.5,11.649
"342","Canterbury","2011",2011-03-20 00:39:22,4.39,5
"343","Canterbury","2011",2011-03-20 00:34:58,4.228,5
"344","Canterbury","2011",2011-03-20 00:33:54,4,5
"345","Canterbury","2011",2011-03-20 00:10:22,4.3,5
"346","Canterbury","2011",2011-03-13 16:14:14,4.2,8.3457
"347","Canterbury","2011",2011-03-12 05:54:48,4.058,8.4982
"348","Canterbury","2011",2011-03-11 13:37:10,4.118,9.3268
"349","Canterbury","2011",2011-03-10 07:07:11,4.3,7.4801
"350","Canterbury","2011",2011-03-06 03:43:33,4.7,19.7438
"351","Canterbury","2011",2011-03-05 06:34:02,4.6,9.7479
"352","Canterbury","2011",2011-03-04 21:49:06,4.087,4.4688
"353","Canterbury","2011",2011-03-01 09:42:08,4.1,8.9153
"354","Canterbury","2011",2011-02-28 20:10:13,4.1,6.345
"355","Canterbury","2011",2011-02-27 21:35:43,4,9.1005
"356","Canterbury","2011",2011-02-25 04:40:11,4.2,6.7636
"357","Canterbury","2011",2011-02-24 05:51:33,4.017,6.1681
"358","Canterbury","2011",2011-02-23 20:46:47,4.161,4.1952
"359","Canterbury","2011",2011-02-23 20:44:33,4.3,6.342
"360","Canterbury","2011",2011-02-23 05:39:42,4.044,11.3343
"361","Canterbury","2011",2011-02-23 00:59:17,4,4.4873
"362","Canterbury","2011",2011-02-22 19:30:20,4.2,4.748
"363","Canterbury","2011",2011-02-22 17:01:02,4.047,5
"364","Canterbury","2011",2011-02-22 17:00:20,4.3,5.9659
"365","Canterbury","2011",2011-02-22 14:30:15,4.2,3.4078
"366","Canterbury","2011",2011-02-22 14:04:39,4.2,5
"367","Canterbury","2011",2011-02-22 11:49:21,4,3.9888
"368","Canterbury","2011",2011-02-22 11:02:16,4.1,10.791
"369","Canterbury","2011",2011-02-22 08:38:32,4.007,5
"370","Canterbury","2011",2011-02-22 08:21:06,4.3,8.1692
"371","Canterbury","2011",2011-02-22 06:43:32,4.4,7.3367
"372","Canterbury","2011",2011-02-22 06:28:29,4.4,5.7582
"373","Canterbury","2011",2011-02-22 05:59:36,4.3,8.3358
"374","Canterbury","2011",2011-02-22 05:03:11,4,7.9072
"375","Canterbury","2011",2011-02-22 04:19:06,4.2,5.2894
"376","Canterbury","2011",2011-02-22 03:46:54,4.074,7.2607
"377","Canterbury","2011",2011-02-22 03:24:04,4,5
"378","Canterbury","2011",2011-02-22 03:04:09,4.5,4.5453
"379","Canterbury","2011",2011-02-22 02:48:18,4.1,9.6148
"380","Canterbury","2011",2011-02-22 02:43:02,4.1,7.3556
"381","Canterbury","2011",2011-02-22 02:21:42,4.175,2.8442
"382","Canterbury","2011",2011-02-22 01:57:50,4.064,5.1459
"383","Canterbury","2011",2011-02-22 01:55:38,4.336,6.0496
"384","Canterbury","2011",2011-02-22 01:52:37,4.218,3.867
"385","Canterbury","2011",2011-02-22 01:52:12,4.441,9.0167
"386","Canterbury","2011",2011-02-22 01:51:09,4.982,6.9534
"387","Canterbury","2011",2011-02-22 01:51:05,4.354,3.7019
"388","Canterbury","2011",2011-02-22 01:50:29,5.6,6.6227
"389","Canterbury","2011",2011-02-22 01:39:59,4,7.8362
"390","Canterbury","2011",2011-02-22 01:20:56,4.497,8.6305
"391","Canterbury","2011",2011-02-22 01:20:09,4.4,6.5673
"392","Canterbury","2011",2011-02-22 01:15:54,4.3,4.9512
"393","Canterbury","2011",2011-02-22 00:46:38,4.289,6.5891
"394","Canterbury","2011",2011-02-22 00:32:25,4.205,5.3726
"395","Canterbury","2011",2011-02-22 00:31:05,4.107,9.557
"396","Canterbury","2011",2011-02-22 00:23:01,4.305,6.6392
"397","Canterbury","2011",2011-02-22 00:21:25,4.091,7.5844
"398","Canterbury","2011",2011-02-22 00:10:46,4.034,6.2726
"399","Canterbury","2011",2011-02-22 00:08:15,4.681,7.3931
"400","Canterbury","2011",2011-02-22 00:07:47,4.336,5
"401","Canterbury","2011",2011-02-22 00:06:56,4.364,7.0946
"402","Canterbury","2011",2011-02-22 00:06:14,4.119,6.4522
"403","Canterbury","2011",2011-02-22 00:05:36,4.593,5
"404","Canterbury","2011",2011-02-22 00:04:19,5.5,5.7503
"405","Canterbury","2011",2011-02-21 23:59:36,4.127,4.9672
"406","Canterbury","2011",2011-02-21 23:57:30,4.245,26.2783
"407","Canterbury","2011",2011-02-21 23:56:54,4.863,5
"408","Canterbury","2011",2011-02-21 23:56:04,4.41,5
"409","Canterbury","2011",2011-02-21 23:55:53,4.222,5
"410","Canterbury","2011",2011-02-21 23:54:45,4.168,6.6574
"411","Canterbury","2011",2011-02-21 23:54:27,4.538,5
"412","Canterbury","2011",2011-02-21 23:53:32,4.801,7.1079
"413","Canterbury","2011",2011-02-21 23:51:42,6.2,5.4143
"414","Canterbury","2011",2011-02-04 04:56:28,4.3,5
"415","Canterbury","2011",2011-02-03 18:32:50,4.2,8.4541
"416","Canterbury","2011",2011-01-20 13:12:22,4,7.6529
"417","Canterbury","2011",2011-01-19 17:03:20,4.8,8.8897
"418","Canterbury","2011",2011-01-01 01:05:44,4,9.9109
"419","Canterbury","2021",2021-08-10 13:03:53,4.128216541,5.269160271
"420","Canterbury","2021",2021-05-31 09:47:24,4.155208201,8.718459129
"421","Canterbury","2021",2021-03-24 15:32:24,4.101647269,30.24733734
"422","Canterbury","2021",2021-02-20 07:33:27,4.322297515,5
"423","Canterbury","2020",2020-11-05 18:26:17,4.508648355,9.783813477
"424","Canterbury","2020",2020-08-08 07:51:34,4.740767302,57.49202347
"425","Canterbury","2020",2020-06-28 05:55:16,4.096190951,5
"426","Canterbury","2020",2020-04-08 19:49:16,4.278320895,5.478522778
"427","Canterbury","2020",2020-03-15 15:28:58,5.091373184,8.131281853
"428","Canterbury","2020",2020-01-20 17:34:43,4.02878598,3.928281784
"429","Canterbury","2019",2019-11-30 14:56:11,4.266923399,6.30724287
"430","Canterbury","2019",2019-04-19 07:49:14,4.614156613,7.364053249
"431","Canterbury","2018",2018-12-04 22:29:27,4.078874164,7.719348907
"432","Canterbury","2018",2018-10-11 08:25:27,4.198879659,5
"433","Canterbury","2018",2018-08-09 07:56:14,4.216258077,10.70188236
"434","Canterbury","2018",2018-07-10 10:23:23,4.109620243,3.193146706
"435","Canterbury","2018",2018-07-08 23:43:38,4.282820877,7.912163734
"436","Canterbury","2018",2018-05-12 05:43:45,4.642584558,10.4217577
"437","Canterbury","2018",2018-04-25 15:34:52,4.032220492,11.89836597
"438","Canterbury","2018",2018-04-03 04:58:34,4.319986028,13.98643589
"439","Canterbury","2018",2018-03-07 16:04:33,4.712806441,8.975295067
"440","Canterbury","2018",2018-01-08 19:59:46,4.5134142,47.33043289
"441","Canterbury","2017",2017-12-19 11:48:31,4.549449677,2.596869707
"442","Canterbury","2017",2017-12-12 00:02:50,4.181553909,21.97581291
"443","Canterbury","2017",2017-12-09 06:44:11,4.118115364,9.787092209
"444","Canterbury","2017",2017-11-17 01:52:58,4.218325567,5.429141998
"445","Canterbury","2017",2017-11-10 11:45:32,4.224014474,5
"446","Canterbury","2017",2017-10-22 04:10:59,5.588790533,8.274720192
"447","Canterbury","2017",2017-09-08 00:51:46,4.483793545,5
"448","Canterbury","2017",2017-09-04 12:35:39,4.136631966,6.613949299
"449","Canterbury","2017",2017-08-24 14:48:50,4.478661414,22.54648781
"450","Canterbury","2017",2017-08-05 18:54:34,4.234230266,5
"451","Canterbury","2017",2017-06-16 05:56:31,4.491368545,9.149563789
"452","Canterbury","2017",2017-06-10 10:38:49,4.154176411,8.519864082
"453","Canterbury","2017",2017-05-22 02:10:04,4.809790101,5.414369106
"454","Canterbury","2017",2017-04-23 08:19:41,4.037608641,15.19472218
"455","Canterbury","2017",2017-04-11 16:08:18,4.035098132,5
"456","Canterbury","2017",2017-04-03 14:58:01,4.303799406,12
"457","Canterbury","2017",2017-03-29 09:54:00,4.023197661,5.234375
"458","Canterbury","2017",2017-03-11 05:58:04,4.883197837,29.12077141
"459","Canterbury","2017",2017-03-10 06:45:15,4.529669853,34.01678848
"460","Canterbury","2017",2017-03-09 16:00:58,4.523417499,20.34809303
"461","Canterbury","2017",2017-03-09 08:11:45,4.010710751,11.73287868
"462","Canterbury","2017",2017-03-08 20:51:25,4.070532501,7.243303776
"463","Canterbury","2017",2017-03-06 22:09:54,4.046490184,5
"464","Canterbury","2017",2017-03-01 19:01:02,5.222642916,11.51695824
"465","Canterbury","2017",2017-03-01 16:17:44,4.723400936,9.372019768
"466","Canterbury","2017",2017-02-28 21:19:43,4.768248058,9.903126717
"467","Canterbury","2017",2017-02-28 11:14:09,4.140779851,11.57618237
"468","Canterbury","2017",2017-02-23 13:35:53,4.947767304,7.841541767
"469","Canterbury","2017",2017-02-20 01:16:06,4.810477412,14.44569588
"470","Canterbury","2017",2017-02-11 20:18:54,5.169624216,8.679965973
"471","Canterbury","2017",2017-02-07 03:49:46,4.347945385,11.48278236
"472","Canterbury","2017",2017-02-06 04:24:53,4.019752761,11.20454311
"473","Canterbury","2017",2017-02-05 11:05:33,4.289047047,13.00121117
"474","Canterbury","2017",2017-02-01 10:21:29,5.086543335,21.13616753
"475","Canterbury","2017",2017-01-31 22:15:34,4.256289154,9.921875
"476","Canterbury","2017",2017-01-21 19:08:44,4.300748269,14.9437027
"477","Canterbury","2017",2017-01-17 14:07:39,4.004769461,30.41222763
"478","Canterbury","2017",2017-01-14 10:25:20,4.34739383,5.679483891
"479","Canterbury","2017",2017-01-07 08:23:23,4.364151216,2.817452669
"480","Canterbury","2017",2017-01-07 01:36:08,4.546605897,19.21446991
"481","Canterbury","2017",2017-01-05 10:34:56,4.440796071,10.390625
"482","Canterbury","2017",2017-01-02 09:47:19,4.60675048,5.532643795
"483","Canterbury","2016",2016-12-30 22:25:59,4.056910133,14.89725876
"484","Canterbury","2016",2016-12-27 12:43:09,4.163340604,9.453125
"485","Canterbury","2016",2016-12-27 11:38:46,4.733014743,13.203125
"486","Canterbury","2016",2016-12-21 02:27:08,4.678463183,9.21875
"487","Canterbury","2016",2016-12-20 05:08:26,4.045934736,9.273159981
"488","Canterbury","2016",2016-12-16 01:48:04,4.112971989,7.638234138
"489","Canterbury","2016",2016-12-08 13:37:30,4.115019691,5
"490","Canterbury","2016",2016-12-07 11:39:22,4.213248416,5
"491","Canterbury","2016",2016-12-07 11:30:23,4.571569981,5.790727615
"492","Canterbury","2016",2016-12-06 22:25:10,4.045163718,13.07784939
"493","Canterbury","2016",2016-12-04 15:19:31,4.336347564,12
"494","Canterbury","2016",2016-12-04 06:03:04,4.042387234,5
"495","Canterbury","2016",2016-11-29 17:17:47,4.153681249,7.092533112
"496","Canterbury","2016",2016-11-29 03:09:37,4.240742487,11.8735323
"497","Canterbury","2016",2016-11-27 23:41:54,4.408671706,7.002950191
"498","Canterbury","2016",2016-11-25 12:36:38,4.031361734,5
"499","Canterbury","2016",2016-11-24 15:49:48,4.206833087,8.433743477
"500","Canterbury","2016",2016-11-23 10:46:36,4.097731553,5
"501","Canterbury","2016",2016-11-22 09:49:38,4.994489157,7.8826437
"502","Canterbury","2016",2016-11-22 09:46:04,4.23459213,6.385684013
"503","Canterbury","2016",2016-11-22 07:25:00,4.297382708,4.976022243
"504","Canterbury","2016",2016-11-22 05:59:55,4.64871674,9.231980324
"505","Canterbury","2016",2016-11-22 05:44:09,4.559829723,7.285915375
"506","Canterbury","2016",2016-11-22 05:31:57,4.517094109,6.299612999
"507","Canterbury","2016",2016-11-22 05:13:34,5.806281681,7.242141724
"508","Canterbury","2016",2016-11-22 05:12:11,4.756053392,7.688224316
"509","Canterbury","2016",2016-11-21 21:36:55,4.033962963,12
"510","Canterbury","2016",2016-11-21 17:51:37,4.975031303,5
"511","Canterbury","2016",2016-11-21 15:58:11,4.380321865,5
"512","Canterbury","2016",2016-11-20 11:30:52,4.112089341,5
"513","Canterbury","2016",2016-11-20 06:52:48,4.948634062,5
"514","Canterbury","2016",2016-11-19 03:08:11,4.134810556,5
"515","Canterbury","2016",2016-11-18 20:44:26,4.165429172,5
"516","Canterbury","2016",2016-11-18 15:55:34,4.590247552,5
"517","Canterbury","2016",2016-11-18 14:22:57,5.324480789,5
"518","Canterbury","2016",2016-11-18 13:30:10,4.504485351,7.145976543
"519","Canterbury","2016",2016-11-18 12:48:20,4.204146732,5
"520","Canterbury","2016",2016-11-18 07:43:18,4.314359576,5
"521","Canterbury","2016",2016-11-18 07:43:14,4.100665054,5
"522","Canterbury","2016",2016-11-17 21:27:03,4.809776007,5
"523","Canterbury","2016",2016-11-17 20:50:11,4.143594854,12
"524","Canterbury","2016",2016-11-17 20:43:46,4.270635367,5
"525","Canterbury","2016",2016-11-17 18:04:42,4.184546279,5
"526","Canterbury","2016",2016-11-17 06:01:10,4.270906069,14.97095966
"527","Canterbury","2016",2016-11-17 02:32:00,4.167980974,12
"528","Canterbury","2016",2016-11-16 23:13:37,4.840577965,12
"529","Canterbury","2016",2016-11-16 15:29:48,4.02564313,5
"530","Canterbury","2016",2016-11-16 15:03:49,4.777751772,5
"531","Canterbury","2016",2016-11-16 09:53:45,4.146793734,6.403836727
"532","Canterbury","2016",2016-11-16 08:27:28,4.051570423,8.077673912
"533","Canterbury","2016",2016-11-16 08:21:39,4.039169519,5
"534","Canterbury","2016",2016-11-16 06:16:51,4.04821033,5
"535","Canterbury","2016",2016-11-16 03:31:04,4.388571132,23.7201519
"536","Canterbury","2016",2016-11-16 02:14:23,4.003126862,7.485888481
"537","Canterbury","2016",2016-11-15 18:21:20,4.217932463,5
"538","Canterbury","2016",2016-11-15 18:19:01,4.746090854,5
"539","Canterbury","2016",2016-11-15 14:02:39,4.677276058,7.299888134
"540","Canterbury","2016",2016-11-15 14:02:37,4.37482332,6.64603281
"541","Canterbury","2016",2016-11-15 12:56:47,4.402111164,5.190867901
"542","Canterbury","2016",2016-11-15 11:45:25,4.113975406,12.15225601
"543","Canterbury","2016",2016-11-15 08:51:14,4.523564049,8.242490768
"544","Canterbury","2016",2016-11-15 08:08:27,4.141242357,9.810491562
"545","Canterbury","2016",2016-11-15 08:00:38,4.1214697,22.50485802
"546","Canterbury","2016",2016-11-15 06:30:31,5.843717343,11.07760811
"547","Canterbury","2016",2016-11-15 06:27:38,4.087848362,8.851480484
"548","Canterbury","2016",2016-11-15 05:45:57,4.181463128,12
"549","Canterbury","2016",2016-11-15 05:09:27,5.274230579,11.15705299
"550","Canterbury","2016",2016-11-15 04:12:45,4.868806463,15.16740704
"551","Canterbury","2016",2016-11-15 01:26:55,4.178645952,9.502997398
"552","Canterbury","2016",2016-11-15 00:26:26,4.517841578,11.17098904
"553","Canterbury","2016",2016-11-14 22:27:13,4.318225248,5
"554","Canterbury","2016",2016-11-14 21:14:09,4.424395216,12
"555","Canterbury","2016",2016-11-14 20:32:53,4.166450325,12
"556","Canterbury","2016",2016-11-14 20:04:12,4.204401846,11.16081429
"557","Canterbury","2016",2016-11-14 19:17:34,5.140757593,5
"558","Canterbury","2016",2016-11-14 18:13:04,4.248813551,15.20255756
"559","Canterbury","2016",2016-11-14 17:51:42,4.033039542,9.446372032
"560","Canterbury","2016",2016-11-14 16:01:24,4.053172021,15.9079237
"561","Canterbury","2016",2016-11-14 15:54:55,4.747483413,5
"562","Canterbury","2016",2016-11-14 14:35:33,4.513755425,18.48610878
"563","Canterbury","2016",2016-11-14 14:26:59,4.309225709,9.413135529
"564","Canterbury","2016",2016-11-14 14:00:39,4.129460671,10.81373978
"565","Canterbury","2016",2016-11-14 13:26:08,4.200733368,17.17570305
"566","Canterbury","2016",2016-11-14 12:03:00,4.84207645,15.38399792
"567","Canterbury","2016",2016-11-14 11:32:10,4.03597685,14.32303715
"568","Canterbury","2016",2016-11-14 11:24:53,4.462384886,5
"569","Canterbury","2016",2016-11-14 10:03:50,4.982363569,11.19238663
"570","Canterbury","2016",2016-11-14 09:49:56,5.008802034,9.552521706
"571","Canterbury","2016",2016-11-14 07:17:31,4.282771371,5
"572","Canterbury","2016",2016-11-14 06:55:50,4.000655525,5
"573","Canterbury","2016",2016-11-14 06:47:50,5.72230256,16.79718208
"574","Canterbury","2016",2016-11-14 06:30:25,4.088089284,15.18791008
"575","Canterbury","2016",2016-11-14 06:18:09,4.319247491,4.890272141
"576","Canterbury","2016",2016-11-14 05:51:36,4.367807688,11.62698936
"577","Canterbury","2016",2016-11-14 05:27:05,4.042302114,7.641549587
"578","Canterbury","2016",2016-11-14 05:16:32,5.160148601,5
"579","Canterbury","2016",2016-11-14 04:32:50,4.194179336,6.940668106
"580","Canterbury","2016",2016-11-14 04:10:21,5.143930913,5
"581","Canterbury","2016",2016-11-14 04:05:47,4.752681918,6.945884228
"582","Canterbury","2016",2016-11-14 02:56:06,4.216223437,4.681044102
"583","Canterbury","2016",2016-11-14 02:07:44,4.384220217,5
"584","Canterbury","2016",2016-11-14 02:02:58,4.378420815,12
"585","Canterbury","2016",2016-11-14 02:01:12,4.1246688,10.40297318
"586","Canterbury","2016",2016-11-14 01:46:19,4.294580037,6.812549114
"587","Canterbury","2016",2016-11-14 01:30:14,5.38535422,11.05774117
"588","Canterbury","2016",2016-11-14 01:23:39,4.136196705,5.722325325
"589","Canterbury","2016",2016-11-14 01:06:46,4.172779626,10.2516098
"590","Canterbury","2016",2016-11-14 01:03:21,4.538891002,4.961349964
"591","Canterbury","2016",2016-11-14 01:02:12,4.214218965,9.301255226
"592","Canterbury","2016",2016-11-14 00:58:29,4.093532954,13
"593","Canterbury","2016",2016-11-14 00:54:21,4.676559881,11.09730339
"594","Canterbury","2016",2016-11-14 00:46:34,4.111100821,8.127892494
"595","Canterbury","2016",2016-11-14 00:34:23,6.656748205,5
"596","Canterbury","2016",2016-11-14 00:17:57,4.001770915,12
"597","Canterbury","2016",2016-11-14 00:15:38,4.1236081,12
"598","Canterbury","2016",2016-11-13 23:57:49,4.133879971,11.81089592
"599","Canterbury","2016",2016-11-13 23:54:44,4.001829898,8.336535454
"600","Canterbury","2016",2016-11-13 23:40:51,4.301882447,5.345646381
"601","Canterbury","2016",2016-11-13 23:27:47,4.020155413,12.8789196
"602","Canterbury","2016",2016-11-13 22:58:52,4.1872835,11.35073566
"603","Canterbury","2016",2016-11-13 22:54:18,4.75847629,20.7990818
"604","Canterbury","2016",2016-11-13 22:50:50,4.267069105,4.54799366
"605","Canterbury","2016",2016-11-13 22:50:44,4.284422286,17.08675957
"606","Canterbury","2016",2016-11-13 22:46:46,4.08910189,8.641736984
"607","Canterbury","2016",2016-11-13 22:23:13,4.146100888,9.498558998
"608","Canterbury","2016",2016-11-13 22:21:35,4.363481261,10.38337803
"609","Canterbury","2016",2016-11-13 22:19:32,5.176747839,10.70491886
"610","Canterbury","2016",2016-11-13 22:15:12,4.552433665,4.937552929
"611","Canterbury","2016",2016-11-13 21:57:40,4.43461422,11.84379101
"612","Canterbury","2016",2016-11-13 21:38:04,4.115456488,14.79804707
"613","Canterbury","2016",2016-11-13 21:00:20,4.293489965,5.323665619
"614","Canterbury","2016",2016-11-13 20:51:22,5.056750565,62.70677948
"615","Canterbury","2016",2016-11-13 20:44:22,4.401335935,12
"616","Canterbury","2016",2016-11-13 20:28:15,4.05694218,5
"617","Canterbury","2016",2016-11-13 20:27:22,4.493726786,5.674061775
"618","Canterbury","2016",2016-11-13 20:22:15,5.009383142,8.751700401
"619","Canterbury","2016",2016-11-13 20:14:51,4.823216676,5
"620","Canterbury","2016",2016-11-13 20:10:00,4.61595602,12
"621","Canterbury","2016",2016-11-13 20:08:04,4.478426644,5
"622","Canterbury","2016",2016-11-13 19:31:11,4.730532359,12
"623","Canterbury","2016",2016-11-13 19:28:56,5.588782975,5
"624","Canterbury","2016",2016-11-13 19:25:07,4.114317971,12
"625","Canterbury","2016",2016-11-13 19:11:27,4.206128593,8.280528069
"626","Canterbury","2016",2016-11-13 19:07:40,4.630743786,14.43683529
"627","Canterbury","2016",2016-11-13 19:04:36,4.137204003,8.061237335
"628","Canterbury","2016",2016-11-13 18:59:09,5.362012437,14.72529602
"629","Canterbury","2016",2016-11-13 18:39:45,4.469000892,13.48996067
"630","Canterbury","2016",2016-11-13 18:30:00,4.148169793,5
"631","Canterbury","2016",2016-11-13 18:16:37,4.845481397,5
"632","Canterbury","2016",2016-11-13 18:14:56,4.282762646,10.98049259
"633","Canterbury","2016",2016-11-13 18:10:27,4.713093107,7.380789757
"634","Canterbury","2016",2016-11-13 18:04:50,4.018338859,4.947007656
"635","Canterbury","2016",2016-11-13 17:42:50,4.635258643,12
"636","Canterbury","2016",2016-11-13 17:42:16,4.245162265,10.61585522
"637","Canterbury","2016",2016-11-13 17:41:39,4.175797008,13.48220825
"638","Canterbury","2016",2016-11-13 17:39:28,4.799463016,3.263011932
"639","Canterbury","2016",2016-11-13 17:38:59,4.015733093,12.06529522
"640","Canterbury","2016",2016-11-13 17:28:48,4.705370395,5
"641","Canterbury","2016",2016-11-13 17:20:58,4.055520527,8.702996254
"642","Canterbury","2016",2016-11-13 17:17:39,5.108199751,5
"643","Canterbury","2016",2016-11-13 17:17:11,4.029487812,8.366026878
"644","Canterbury","2016",2016-11-13 17:07:13,4.490281221,18.67467499
"645","Canterbury","2016",2016-11-13 17:04:17,4.071833901,6.168120384
"646","Canterbury","2016",2016-11-13 16:34:26,4.130565852,12
"647","Canterbury","2016",2016-11-13 16:31:45,4.017483135,5
"648","Canterbury","2016",2016-11-13 16:08:54,4.105974779,12.36537266
"649","Canterbury","2016",2016-11-13 16:01:44,4.294802769,9.462519646
"650","Canterbury","2016",2016-11-13 15:46:30,4.390684878,9.221668243
"651","Canterbury","2016",2016-11-13 15:43:19,4.676827067,13.57240772
"652","Canterbury","2016",2016-11-13 15:40:07,4.301506658,5
"653","Canterbury","2016",2016-11-13 15:37:51,4.255004103,9.196522713
"654","Canterbury","2016",2016-11-13 15:22:55,4.487541535,11.73967361
"655","Canterbury","2016",2016-11-13 15:09:44,4.691920578,10.45599937
"656","Canterbury","2016",2016-11-13 15:05:09,4.670729858,9.184181213
"657","Canterbury","2016",2016-11-13 15:04:06,4.101720425,5.182118893
"658","Canterbury","2016",2016-11-13 14:53:39,4.085784529,14.94375706
"659","Canterbury","2016",2016-11-13 14:47:41,4.136512594,2
"660","Canterbury","2016",2016-11-13 14:44:52,4.018802084,18.91315651
"661","Canterbury","2016",2016-11-13 14:42:47,4.697002062,2
"662","Canterbury","2016",2016-11-13 14:36:12,4.052172478,13.43012619
"663","Canterbury","2016",2016-11-13 14:33:16,4.333875762,5
"664","Canterbury","2016",2016-11-13 14:23:10,4.043163746,11.7521019
"665","Canterbury","2016",2016-11-13 14:19:05,4.307418259,14.95489407
"666","Canterbury","2016",2016-11-13 14:08:42,4.665203958,5
"667","Canterbury","2016",2016-11-13 14:07:23,4.758805722,8.511013985
"668","Canterbury","2016",2016-11-13 14:05:20,4.371502389,5
"669","Canterbury","2016",2016-11-13 14:04:23,5.140240672,11.86807919
"670","Canterbury","2016",2016-11-13 14:04:03,4.427011559,27.06696129
"671","Canterbury","2016",2016-11-13 13:59:42,4.376669416,11.92970848
"672","Canterbury","2016",2016-11-13 13:58:36,4.014297845,8
"673","Canterbury","2016",2016-11-13 13:56:42,4.149212513,11.20367908
"674","Canterbury","2016",2016-11-13 13:54:39,4.532750405,8.568597794
"675","Canterbury","2016",2016-11-13 13:46:51,4.135344083,13.08431721
"676","Canterbury","2016",2016-11-13 13:46:15,4.284513558,5
"677","Canterbury","2016",2016-11-13 13:44:23,4.054174361,5
"678","Canterbury","2016",2016-11-13 13:42:29,4.20705136,10.78446865
"679","Canterbury","2016",2016-11-13 13:37:25,4.342912165,10.46934795
"680","Canterbury","2016",2016-11-13 13:33:38,4.405247551,5
"681","Canterbury","2016",2016-11-13 13:31:27,5.987634877,13.95416355
"682","Canterbury","2016",2016-11-13 13:17:48,4.667221807,11.63631344
"683","Canterbury","2016",2016-11-13 13:15:47,4.370798411,11.18840599
"684","Canterbury","2016",2016-11-13 12:56:17,4.507018761,6.083966732
"685","Canterbury","2016",2016-11-13 12:52:52,5.398860153,9.475849152
"686","Canterbury","2016",2016-11-13 12:52:19,4.474042451,5
"687","Canterbury","2016",2016-11-13 12:48:34,4.4049695,16.41565514
"688","Canterbury","2016",2016-11-13 12:45:10,4.538374653,7.01670742
"689","Canterbury","2016",2016-11-13 12:41:24,4.48586194,5
"690","Canterbury","2016",2016-11-13 12:40:54,4.850520403,8.046875
"691","Canterbury","2016",2016-11-13 12:37:44,4.839225459,6.058712959
"692","Canterbury","2016",2016-11-13 12:34:18,4.129002677,13.33457756
"693","Canterbury","2016",2016-11-13 12:32:21,4.40973561,5
"694","Canterbury","2016",2016-11-13 12:31:47,4.033911781,8.546375275
"695","Canterbury","2016",2016-11-13 12:28:00,5.156143227,18.83562851
"696","Canterbury","2016",2016-11-13 12:25:55,5.258754998,10.12402534
"697","Canterbury","2016",2016-11-13 12:24:25,4.618213367,8.100306511
"698","Canterbury","2016",2016-11-13 12:23:37,4.934253935,5.436423779
"699","Canterbury","2016",2016-11-13 12:23:09,5.184655113,10.00735474
"700","Canterbury","2016",2016-11-13 12:22:20,4.6252295,11.88705063
"701","Canterbury","2016",2016-11-13 12:20:40,5.033383097,9.752326965
"702","Canterbury","2016",2016-11-13 12:19:29,4.352516879,38.69797516
"703","Canterbury","2016",2016-11-13 12:17:58,4.506975759,16.86370659
"704","Canterbury","2016",2016-11-13 12:07:29,4.632073733,12.27823734
"705","Canterbury","2016",2016-11-13 12:06:39,4.0323017,0.5259768963
"706","Canterbury","2016",2016-11-13 11:59:37,4.604215113,10.00060463
"707","Canterbury","2016",2016-11-13 11:52:44,6.136439961,9.046556473
"708","Canterbury","2016",2016-11-13 11:51:03,4.549469386,4.866723061
"709","Canterbury","2016",2016-11-13 11:41:08,4.064400289,1.372720003
"710","Canterbury","2016",2016-11-13 11:40:48,5.008149217,9.762313843
"711","Canterbury","2016",2016-11-13 11:40:22,4.127967103,4.230461597
"712","Canterbury","2016",2016-11-13 11:35:05,4.678642487,5
"713","Canterbury","2016",2016-11-13 11:32:07,6.183156744,11.26408863
"714","Canterbury","2016",2016-11-13 11:31:24,4.803847889,6.903105259
"715","Canterbury","2016",2016-11-13 11:30:40,4.018992078,5
"716","Canterbury","2016",2016-11-13 11:30:26,5.108869636,6.452077389
"717","Canterbury","2016",2016-11-13 11:30:24,4.483022753,20.47912598
"718","Canterbury","2016",2016-11-13 11:23:32,4.774444777,4.238160133
"719","Canterbury","2016",2016-11-13 11:22:31,4.848249243,5
"720","Canterbury","2016",2016-11-13 11:21:15,4.965940038,9.518454552
"721","Canterbury","2016",2016-11-13 11:17:18,4.858002852,14.44154739
"722","Canterbury","2016",2016-11-13 11:16:07,4.972231376,16.25598907
"723","Canterbury","2016",2016-11-13 11:12:35,6.026432759,5.603704929
"724","Canterbury","2016",2016-11-13 11:09:55,4.667457883,3.949454069
"725","Canterbury","2016",2016-11-13 11:09:07,5.302367235,9.789445877
"726","Canterbury","2016",2016-11-13 11:08:48,4.99793396,3.591153383
"727","Canterbury","2016",2016-11-13 11:08:14,5.24066731,10.48001671
"728","Canterbury","2016",2016-11-13 11:06:14,5.629252725,5
"729","Canterbury","2016",2016-11-13 11:02:56,7.820379733,15.11445332
"730","Canterbury","2016",2016-06-04 01:19:16,4.098869203,13.3203125
"731","Canterbury","2016",2016-05-11 08:45:53,4.650386926,6.640625
"732","Canterbury","2016",2016-03-14 10:36:06,4.650946936,8.779126167
"733","Canterbury","2016",2016-03-14 10:28:04,5.0375478,8.830801964
"734","Canterbury","2016",2016-03-12 10:01:31,4.364166608,18.59375
"735","Canterbury","2016",2016-02-28 14:32:40,4.26697854,5.1171875
"736","Canterbury","2016",2016-02-18 06:17:41,4.342406861,12.84601879
"737","Canterbury","2016",2016-02-14 05:27:50,4.312076356,4.849864483
"738","Canterbury","2016",2016-02-14 00:14:52,4.533571408,8
"739","Canterbury","2016",2016-02-14 00:13:43,5.701799323,8
"740","Canterbury","2016",2016-02-10 00:05:30,4.267522023,49.53125
"741","Canterbury","2016",2016-02-09 00:39:00,5.745135209,48.125
"742","Canterbury","2016",2016-01-27 23:24:41,4.105753189,6.491029263
"743","Auckland","2019",2019-02-10 06:50:02,4.14820937,12
"744","Auckland","2019",2019-01-02 12:38:37,4.034009865,12
"745","Auckland","2019",2019-01-01 03:55:52,4.022689376,12
"746","Auckland","2010",2010-01-25 00:59:23,4.255,33
"747","Auckland","2007",2007-02-21 08:00:14,4.1,5
"748","Wellington","2007",2007-08-25 01:43:32,4.5,56.3741
"749","Wellington","2007",2007-08-16 02:53:40,4.222,57.2936
"750","Wellington","2007",2007-06-24 05:17:49,4.046,39.9838
"751","Wellington","2007",2007-05-16 13:18:29,4.3,93.2027
"752","Wellington","2007",2007-05-13 13:25:10,4.5,89.7498
"753","Wellington","2007",2007-05-12 07:41:04,4.1,17.9463
"754","Wellington","2007",2007-04-28 06:29:46,4.171,17.6877
"755","Wellington","2007",2007-04-17 19:01:52,4.09,12
"756","Wellington","2007",2007-03-07 07:01:43,4.3,15.1696
"757","Wellington","2007",2007-02-26 22:48:11,4.503,108.0294
"758","Wellington","2007",2007-02-20 23:41:48,4.367,49.8196
"759","Wellington","2007",2007-02-07 00:44:59,4.2,51.5705
"760","Wellington","2007",2007-01-20 16:34:24,4.251,90.2416
"761","Wellington","2006",2006-11-17 14:38:04,4.7,71.5945
"762","Wellington","2006",2006-11-16 22:42:08,4.1,57.6581
"763","Wellington","2006",2006-09-20 08:11:44,4.359,76.9109
"764","Wellington","2006",2006-09-15 11:43:19,4.6,48.5035
"765","Wellington","2006",2006-09-05 18:01:34,4.004,5
"766","Wellington","2006",2006-09-04 00:45:21,4.5,20.1349
"767","Wellington","2006",2006-08-30 07:23:27,4.158,33
"768","Wellington","2006",2006-08-17 14:30:22,4.3,88.231
"769","Wellington","2006",2006-07-15 21:55:40,4.09,33
"770","Wellington","2006",2006-06-16 05:26:46,4.081,10.5225
"771","Wellington","2006",2006-06-10 16:01:00,4.739,46.4146
"772","Wellington","2006",2006-06-04 23:48:38,4.4,24.399
"773","Wellington","2006",2006-05-14 17:32:38,4.5,59.4061
"774","Wellington","2006",2006-05-05 15:22:53,4.429,110.937
"775","Wellington","2006",2006-04-20 14:52:46,4.059,16.5421
"776","Wellington","2006",2006-04-02 20:42:15,4.359,52.6694
"777","Wellington","2006",2006-03-25 15:24:22,4.3,12
"778","Wellington","2006",2006-03-25 15:20:33,4.3,5
"779","Wellington","2006",2006-03-23 14:37:53,4.1,47.4912
"780","Wellington","2006",2006-03-12 13:06:26,4.189,25.2316
"781","Wellington","2006",2006-03-10 19:10:27,4.187,15.0263
"782","Wellington","2006",2006-03-10 11:55:12,4.076,11.7387
"783","Wellington","2006",2006-03-08 09:22:39,4,19.8233
"784","Wellington","2006",2006-02-05 00:29:49,4.2,33
"785","Wellington","2006",2006-01-13 15:12:04,4.1,28.3098
"786","Wellington","2006",2006-01-06 16:24:17,4.045,32.8645
"787","Wellington","2005",2005-12-24 00:15:55,4.2,12
"788","Wellington","2005",2005-12-23 02:37:51,4.1,29.1695
"789","Wellington","2005",2005-12-18 03:54:00,4.032,7.0506
"790","Wellington","2005",2005-12-16 20:26:39,4.009,26.6979
"791","Wellington","2005",2005-12-16 16:29:25,4.005,29.6763
"792","Wellington","2005",2005-12-13 08:09:48,4.2,29.7464
"793","Wellington","2005",2005-12-12 13:55:47,4.7,26.0308
"794","Wellington","2005",2005-12-09 15:49:44,4.157,79.8624
"795","Wellington","2005",2005-11-30 19:57:21,4.087,47.4801
"796","Wellington","2005",2005-11-03 20:31:52,4.063,17.8254
"797","Wellington","2005",2005-11-03 13:16:50,4.5,18.5269
"798","Wellington","2005",2005-11-01 05:39:51,4.5,5
"799","Wellington","2005",2005-10-31 21:35:08,4.05,5
"800","Wellington","2005",2005-10-31 21:33:16,4.1,5
"801","Wellington","2005",2005-10-19 00:05:33,4.2,27.9737
"802","Wellington","2005",2005-08-19 09:26:48,4.405,73.6272
"803","Wellington","2005",2005-07-29 10:56:57,4.098,68.969
"804","Wellington","2005",2005-07-10 23:09:24,4.2,27.9529
"805","Wellington","2005",2005-06-23 12:15:58,4.7,16.5228
"806","Wellington","2005",2005-06-23 08:21:52,4.5,13.7778
"807","Wellington","2005",2005-06-14 16:10:35,4.092,5
"808","Wellington","2005",2005-06-03 11:54:47,4.062,12
"809","Wellington","2005",2005-05-23 01:26:10,4.412,30.8256
"810","Wellington","2005",2005-04-12 22:32:10,4,16.7991
"811","Wellington","2005",2005-04-11 08:16:13,4.132,34.2979
"812","Wellington","2005",2005-04-11 07:51:37,4.3,34.607
"813","Wellington","2005",2005-03-21 15:17:32,4.247,26.9915
"814","Wellington","2005",2005-03-14 06:29:16,4.735,104.5349
"815","Wellington","2005",2005-03-11 02:59:04,4.055,70.7662
"816","Wellington","2005",2005-02-28 11:35:17,4.184,48.7221
"817","Wellington","2005",2005-01-31 17:34:08,4.095,12.3991
"818","Wellington","2005",2005-01-31 17:31:53,5.1,19.8533
"819","Wellington","2005",2005-01-22 08:14:15,4.254,29.1455
"820","Wellington","2005",2005-01-20 18:56:31,5.3,30.8473
"821","Wellington","2005",2005-01-18 09:26:00,4.9,17.9664
"822","Wellington","2005",2005-01-18 08:36:04,5.2,18.7637
"823","Wellington","2005",2005-01-18 00:38:21,4.657,52.9669
"824","Wellington","2012",2012-10-28 12:44:33,4.415586463,19.8828125
"825","Wellington","2012",2012-10-27 13:35:44,4.486882421,33.2421875
"826","Wellington","2012",2012-08-04 07:44:46,4.156372054,33
"827","Wellington","2012",2012-07-26 06:57:47,5.010877371,27.08984375
"828","Wellington","2012",2012-07-10 11:33:19,4.312524449,60.6640625
"829","Wellington","2012",2012-06-01 12:03:19,4.048238081,82.6953125
"830","Wellington","2012",2012-05-05 23:33:13,4.076338102,28.3203125
"831","Wellington","2012",2012-03-30 18:47:38,4.547983875,17.59765625
"832","Wellington","2012",2012-03-17 13:05:18,4.133157089,120.4296875
"833","Wellington","2012",2012-03-08 19:21:49,4.550620147,38.3984375
"834","Wellington","2012",2012-03-08 07:09:05,4.725007737,82.9296875
"835","Wellington","2012",2012-02-19 12:19:26,4.497257816,91.8359375
"836","Wellington","2012",2012-01-17 15:12:30,4.45655714,16.54296875
"837","Wellington","2011",2011-12-29 19:31:08,4.156,98.5306
"838","Wellington","2011",2011-12-03 06:19:10,5.1,55.098
"839","Wellington","2011",2011-11-01 22:41:59,4.4,11.6479
"840","Wellington","2011",2011-10-05 13:42:51,4.3,49.4617
"841","Wellington","2011",2011-09-16 05:27:55,4.2,53.0232
"842","Wellington","2011",2011-08-15 05:24:42,4.144,34.878
"843","Wellington","2011",2011-07-29 10:34:34,4.143,70.3446
"844","Wellington","2011",2011-07-15 06:22:59,4.378,23.9814
"845","Wellington","2011",2011-07-05 20:21:38,4.2,25
"846","Wellington","2011",2011-07-04 10:02:46,4.221,33
"847","Wellington","2011",2011-07-04 08:36:51,4.8,12
"848","Wellington","2011",2011-07-03 16:06:59,4.1,33
"849","Wellington","2011",2011-05-18 23:10:44,4.175,42.305
"850","Wellington","2011",2011-04-23 11:07:30,4.363,71.1299
"851","Wellington","2011",2011-04-11 00:33:59,4.7,40.8157
"852","Wellington","2011",2011-03-24 14:43:52,4.191,71.3298
"853","Wellington","2011",2011-03-03 13:19:20,4,29.0096
"854","Wellington","2011",2011-03-01 09:07:51,4.464,40.9864
"855","Wellington","2011",2011-02-18 04:51:53,4.012,21.7224
"856","Wellington","2011",2011-01-22 15:25:59,4.1,43.0515
"857","Wellington","2011",2011-01-20 17:46:58,4.154,34.6332
"858","Wellington","2010",2010-12-22 18:02:07,4.093,28.0588
"859","Wellington","2010",2010-11-28 01:22:13,5,25.1904
"860","Wellington","2010",2010-11-25 17:59:28,4.239,59.0875
"861","Wellington","2010",2010-11-19 07:31:01,4.29,29.0225
"862","Wellington","2010",2010-11-18 12:15:32,4.127,43.0922
"863","Wellington","2010",2010-11-05 20:39:09,4.295,85.8017
"864","Wellington","2010",2010-11-01 00:35:52,4.142,12
"865","Wellington","2010",2010-09-12 00:50:17,4.22,95.5919
"866","Wellington","2010",2010-09-09 08:25:49,4.346,24.7543
"867","Wellington","2010",2010-09-09 04:18:48,4.9,15.7133
"868","Wellington","2010",2010-09-07 06:36:14,4.251,12
"869","Wellington","2010",2010-09-06 22:48:33,5,21.1418
"870","Wellington","2010",2010-08-24 22:17:36,4.6,29.9136
"871","Wellington","2010",2010-08-12 14:27:38,4.494,33
"872","Wellington","2010",2010-08-08 01:48:02,4.313,39.6803
"873","Wellington","2010",2010-07-08 08:40:34,4.331,29.1748
"874","Wellington","2010",2010-06-21 16:24:51,4.008,15.6888
"875","Wellington","2010",2010-06-06 17:23:02,4.049,31.304
"876","Wellington","2010",2010-04-30 19:20:01,4.394,110.2322
"877","Wellington","2010",2010-04-25 16:36:34,4,12
"878","Wellington","2010",2010-03-16 02:05:54,4.4,20.9966
"879","Wellington","2010",2010-02-12 13:41:35,4.2,62.2657
"880","Wellington","2010",2010-01-07 13:15:06,4.398,90.9111
"881","Wellington","2009",2009-12-12 16:38:06,4.194,48.993
"882","Wellington","2009",2009-12-10 02:54:18,4.062,44.8009
"883","Wellington","2009",2009-12-08 22:09:25,4.6,48.9112
"884","Wellington","2009",2009-11-18 18:04:00,4.7,42.6911
"885","Wellington","2009",2009-10-10 05:02:35,4.3,41.8977
"886","Wellington","2009",2009-10-09 04:08:25,4.311,32.6387
"887","Wellington","2009",2009-09-15 17:13:13,4,28.6368
"888","Wellington","2009",2009-09-10 09:07:19,4.091,72.1841
"889","Wellington","2009",2009-08-27 15:52:29,4.201,33.9788
"890","Wellington","2009",2009-08-27 14:10:48,4.7,33.91
"891","Wellington","2009",2009-08-26 07:52:39,4.3,36.7138
"892","Wellington","2009",2009-08-05 17:51:11,4.287,63.7844
"893","Wellington","2009",2009-06-04 14:33:13,4.035,44.0797
"894","Wellington","2009",2009-05-01 05:16:14,4.057,30.8747
"895","Wellington","2009",2009-04-28 09:54:47,4,33.8699
"896","Wellington","2009",2009-03-11 09:46:30,4.275,54.052
"897","Wellington","2009",2009-02-20 00:11:41,4.266,70.9472
"898","Wellington","2009",2009-02-02 08:57:21,4.183,46.0413
"899","Wellington","2009",2009-01-18 22:29:57,4.133,38.6838
"900","Wellington","2009",2009-01-11 15:50:51,4.2,99.9064
"901","Wellington","2008",2008-12-26 19:49:59,4.6,52.1443
"902","Wellington","2008",2008-11-16 10:01:27,4,25.3746
"903","Wellington","2008",2008-11-10 17:20:54,4.013,55.8404
"904","Wellington","2008",2008-10-28 08:33:44,4.002,87.5436
"905","Wellington","2008",2008-09-24 22:40:41,5,16.7272
"906","Wellington","2008",2008-09-14 09:25:12,4.6,93.0964
"907","Wellington","2008",2008-09-06 02:58:49,4.082,31.2014
"908","Wellington","2008",2008-09-03 21:13:22,4.494,62.0702
"909","Wellington","2008",2008-07-20 19:29:18,4.094,66.6163
"910","Wellington","2008",2008-07-16 01:42:59,4.168,68.084
"911","Wellington","2008",2008-06-01 02:36:54,4.013,14.2435
"912","Wellington","2008",2008-05-02 15:12:00,4.069,31.4706
"913","Wellington","2008",2008-04-03 18:24:05,4.297,60.3386
"914","Wellington","2008",2008-02-16 13:00:52,4.183,57.3792
"915","Wellington","2008",2008-02-05 04:27:39,4.318,62.7604
"916","Wellington","2008",2008-02-01 04:44:57,4.031,37.8405
"917","Wellington","2007",2007-12-16 02:29:05,4.018,12
"918","Wellington","2007",2007-12-09 11:50:31,4.242,48.5127
"919","Wellington","2007",2007-11-30 17:49:51,4.114,52.0556
"920","Wellington","2007",2007-11-22 19:28:17,4,28.1257
"921","Wellington","2015",2015-03-22 18:06:30,4.051987018,23.6328125
"922","Wellington","2015",2015-03-13 04:58:46,4.322953062,34.1796875
"923","Wellington","2015",2015-02-25 12:40:38,4.643930474,21.5234375
"924","Wellington","2015",2015-01-16 10:00:16,4.022816706,62.3046875
"925","Wellington","2015",2015-01-13 17:12:01,4.104465925,22.98828125
"926","Wellington","2015",2015-01-12 05:12:43,4.35549333,12.91015625
"927","Wellington","2014",2014-12-05 21:16:47,4.572647399,27.3828125
"928","Wellington","2014",2014-11-25 11:57:14,4.055630101,106.015625
"929","Wellington","2014",2014-10-27 23:44:47,4.378144647,23.57421875
"930","Wellington","2014",2014-10-07 01:16:34,4.007179036,8.80859375
"931","Wellington","2014",2014-10-06 21:51:08,4.570680048,12.005
"932","Wellington","2014",2014-09-22 14:41:38,5.165497678,11.03515625
"933","Wellington","2014",2014-09-22 14:41:22,5.458456599,25.390625
"934","Wellington","2014",2014-09-19 11:29:14,4.316525565,93.9453125
"935","Wellington","2014",2014-08-07 14:30:04,4.149857024,27.91015625
"936","Wellington","2014",2014-06-26 03:59:43,4.6761057,64.648438
"937","Wellington","2014",2014-06-25 19:46:26,4.8407629,30.722656
"938","Wellington","2014",2014-06-18 23:04:11,4.3337345,38.28125
"939","Wellington","2014",2014-05-28 10:26:37,4.610765,17.246094
"940","Wellington","2014",2014-05-16 07:55:30,4.2469849,32.128906
"941","Wellington","2014",2014-05-13 05:02:55,4.0142217,53.222656
"942","Wellington","2014",2014-05-12 00:30:02,4.2992973,91.601562
"943","Wellington","2014",2014-05-04 03:12:48,4.4367167,42.265625
"944","Wellington","2014",2014-03-21 11:16:38,4.8816525,96.757812
"945","Wellington","2014",2014-03-17 12:11:10,4.0469804,65.585938
"946","Wellington","2014",2014-03-08 17:52:07,4.3876269,29.316406
"947","Wellington","2014",2014-02-25 22:24:18,4.0553415,13.847656
"948","Wellington","2014",2014-02-01 20:08:34,4.1397449,45.898438
"949","Wellington","2014",2014-01-25 00:31:03,4.0753494,26.155588
"950","Wellington","2014",2014-01-22 07:04:46,4.1314879,30.195312
"951","Wellington","2014",2014-01-21 00:24:38,4.8126185,36.582031
"952","Wellington","2014",2014-01-20 22:37:20,4.4168469,28.378906
"953","Wellington","2014",2014-01-20 18:40:05,4.1138244,29.902344
"954","Wellington","2014",2014-01-20 15:05:07,4.0633659,31.308594
"955","Wellington","2014",2014-01-20 14:27:37,4.5158066,28.320312
"956","Wellington","2014",2014-01-20 11:41:21,4.002578,34.941406
"957","Wellington","2014",2014-01-20 03:04:47,4.1585171,23.222656
"958","Wellington","2014",2014-01-20 02:58:00,4.2156701,22.226562
"959","Wellington","2014",2014-01-20 02:56:31,4.0187536,21.113281
"960","Wellington","2014",2014-01-20 02:52:45,6.2297616,34.179688
"961","Wellington","2014",2014-01-16 22:47:02,4.4431013,72.96875
"962","Wellington","2014",2014-01-15 07:37:53,4.1019998,20.761719
"963","Wellington","2014",2014-01-09 10:46:25,4.2066348,18.945312
"964","Wellington","2014",2014-01-01 15:26:24,4.132588,35.644531
"965","Wellington","2013",2013-12-06 00:45:00,4.614886708,19.1796875
"966","Wellington","2013",2013-10-10 15:38:51,4.031234259,16.1328125
"967","Wellington","2013",2013-10-05 18:27:36,4.267249708,15.8984375
"968","Wellington","2013",2013-10-01 16:22:32,4.671820318,21.640625
"969","Wellington","2013",2013-09-19 14:58:18,4.204578621,16.3671875
"970","Wellington","2013",2013-09-19 11:15:14,4.087590698,18.9453125
"971","Wellington","2013",2013-09-13 11:30:17,4.040271036,5
"972","Wellington","2013",2013-09-12 03:08:40,4.246460142,12.1975
"973","Wellington","2013",2013-09-11 17:11:10,4.247215424,18.2421875
"974","Wellington","2013",2013-09-04 12:04:10,5.022509678,13.0859375
"975","Wellington","2013",2013-09-01 15:37:06,4.166133016,11.796875
"976","Wellington","2013",2013-08-19 22:58:12,4.216852271,5.05859375
"977","Wellington","2013",2013-08-18 22:43:05,4.021130989,16.8359375
"978","Wellington","2013",2013-08-18 02:17:16,4.303633918,7.4609375
"979","Wellington","2013",2013-08-17 19:44:27,4.361393328,13.0859375
"980","Wellington","2013",2013-08-17 16:07:52,4.987026472,16.953125
"981","Wellington","2013",2013-08-17 12:39:28,4.190915391,14.2578125
"982","Wellington","2013",2013-08-17 08:58:40,5.495730843,15.078125
"983","Wellington","2013",2013-08-17 08:41:30,4.376212281,11.9140625
"984","Wellington","2013",2013-08-17 08:09:20,4.395355795,12.1484375
"985","Wellington","2013",2013-08-17 05:19:15,4.307454018,17.0703125
"986","Wellington","2013",2013-08-17 04:13:20,5.009249672,8.6328125
"987","Wellington","2013",2013-08-17 02:45:47,4.117482257,6.2890625
"988","Wellington","2013",2013-08-17 02:01:05,4.065101629,10.859375
"989","Wellington","2013",2013-08-17 00:25:12,4.037366604,10.7421875
"990","Wellington","2013",2013-08-16 22:23:11,4.236007941,11.9140625
"991","Wellington","2013",2013-08-16 15:46:13,4.063754466,7.6953125
"992","Wellington","2013",2013-08-16 14:47:02,4.878845959,15.4296875
"993","Wellington","2013",2013-08-16 13:35:55,4.03685373,13.3203125
"994","Wellington","2013",2013-08-16 08:38:55,5.191242112,17.0703125
"995","Wellington","2013",2013-08-16 07:23:14,4.675962042,9.21875
"996","Wellington","2013",2013-08-16 06:55:58,5.470215864,17.0703125
"997","Wellington","2013",2013-08-16 06:53:34,4.110407525,15.1953125
"998","Wellington","2013",2013-08-16 06:42:40,5.154459251,15.078125
"999","Wellington","2013",2013-08-16 05:58:28,5.002573113,9.3359375
"1000","Wellington","2013",2013-08-16 05:57:52,4.817361271,12.03125
"1001","Wellington","2013",2013-08-16 05:50:15,4.136296096,7.6953125
"1002","Wellington","2013",2013-08-16 05:34:04,4.30368383,15.1953125
"1003","Wellington","2013",2013-08-16 05:31:17,5.955616354,14.9609375
"1004","Wellington","2013",2013-08-16 05:26:40,4.758596787,13.0859375
"1005","Wellington","2013",2013-08-16 05:15:31,4.015419048,22.2265625
"1006","Wellington","2013",2013-08-16 04:52:01,4.06045035,9.8046875
"1007","Wellington","2013",2013-08-16 04:03:54,4.172558619,10.9765625
"1008","Wellington","2013",2013-08-16 03:51:36,5.530571485,14.2578125
"1009","Wellington","2013",2013-08-16 03:30:45,4.095237063,14.4921875
"1010","Wellington","2013",2013-08-16 03:26:50,4.741452648,10.0390625
"1011","Wellington","2013",2013-08-16 03:21:31,4.999664861,14.2578125
"1012","Wellington","2013",2013-08-16 03:15:11,4.365350537,13.5546875
"1013","Wellington","2013",2013-08-16 03:12:52,4.061353119,5.1171875
"1014","Wellington","2013",2013-08-16 03:09:07,5.62720585,7.4609375
"1015","Wellington","2013",2013-08-16 03:08:36,4.645498924,6.438809872
"1016","Wellington","2013",2013-08-16 03:06:12,4.656680913,5.05859375
"1017","Wellington","2013",2013-08-16 02:56:26,5.007924122,10.0390625
"1018","Wellington","2013",2013-08-16 02:53:55,4.00464235,11.6796875
"1019","Wellington","2013",2013-08-16 02:51:51,4.673629958,6.7578125
"1020","Wellington","2013",2013-08-16 02:50:42,4.036356014,13.5546875
"1021","Wellington","2013",2013-08-16 02:45:27,5.331907623,5.64453125
"1022","Wellington","2013",2013-08-16 02:41:47,4.32653558,5
"1023","Wellington","2013",2013-08-16 02:37:30,5.375048983,5.05859375
"1024","Wellington","2013",2013-08-16 02:33:18,4.984167835,8.3984375
"1025","Wellington","2013",2013-08-16 02:31:05,6.468769,7.4609375
"1026","Wellington","2013",2013-08-15 07:00:29,4.389588314,10.68359375
"1027","Wellington","2013",2013-08-02 12:59:28,4.036218457,11.2109375
"1028","Wellington","2013",2013-08-01 18:38:13,4.467888149,18.7109375
"1029","Wellington","2013",2013-08-01 12:56:13,4.958888786,11.6796875
"1030","Wellington","2013",2013-07-31 23:55:39,4.19474397,17.7734375
"1031","Wellington","2013",2013-07-31 23:10:11,4.757636363,17.0703125
"1032","Wellington","2013",2013-07-31 17:46:05,4.268836118,11.2109375
"1033","Wellington","2013",2013-07-29 09:44:41,4.026452688,14.7265625
"1034","Wellington","2013",2013-07-28 13:07:14,5.187060661,8.8671875
"1035","Wellington","2013",2013-07-27 20:59:49,4.29334089,9.51171875
"1036","Wellington","2013",2013-07-25 23:01:34,4.18727057,59.9609375
"1037","Wellington","2013",2013-07-25 09:48:07,4.004627313,10.91796875
"1038","Wellington","2013",2013-07-25 01:58:54,4.048882419,19.70703125
"1039","Wellington","2013",2013-07-24 14:15:14,4.004636011,13.84765625
"1040","Wellington","2013",2013-07-24 12:39:11,4.084003357,7.98828125
"1041","Wellington","2013",2013-07-24 11:03:14,4.295304361,14.140625
"1042","Wellington","2013",2013-07-23 21:27:50,4.238566955,8.6328125
"1043","Wellington","2013",2013-07-23 20:11:14,4.286493767,12.08984375
"1044","Wellington","2013",2013-07-23 18:25:52,4.102999007,13.14453125
"1045","Wellington","2013",2013-07-22 21:24:25,4.480712095,11.62109375
"1046","Wellington","2013",2013-07-22 13:31:46,4.817958243,19.8828125
"1047","Wellington","2013",2013-07-22 10:03:12,4.42460227,11.2109375
"1048","Wellington","2013",2013-07-22 07:22:55,4.224278463,15.6640625
"1049","Wellington","2013",2013-07-22 06:45:57,4.006933427,10.0390625
"1050","Wellington","2013",2013-07-22 06:43:09,4.525767839,11.6796875
"1051","Wellington","2013",2013-07-22 01:48:33,4.499364469,15.8984375
"1052","Wellington","2013",2013-07-21 23:35:52,4.493694341,10.0390625
"1053","Wellington","2013",2013-07-21 22:48:14,4.010373982,9.921875
"1054","Wellington","2013",2013-07-21 22:47:24,4.964483841,15.078125
"1055","Wellington","2013",2013-07-21 18:10:06,4.190761307,14.375
"1056","Wellington","2013",2013-07-21 15:22:13,4.813500325,12.265625
"1057","Wellington","2013",2013-07-21 15:15:11,4.903578569,14.4921875
"1058","Wellington","2013",2013-07-21 12:39:07,4.501631332,14.2578125
"1059","Wellington","2013",2013-07-21 10:27:16,4.181580887,14.4921875
"1060","Wellington","2013",2013-07-21 09:47:43,4.502787249,15.078125
"1061","Wellington","2013",2013-07-21 09:32:13,4.662406154,9.921875
"1062","Wellington","2013",2013-07-21 08:42:24,4.141651478,14.9609375
"1063","Wellington","2013",2013-07-21 08:28:15,4.7416695,20.761719
"1064","Wellington","2013",2013-07-21 08:10:52,4.355964355,15.078125
"1065","Wellington","2013",2013-07-21 07:55:59,4.261695846,16.953125
"1066","Wellington","2013",2013-07-21 07:45:59,4.427843383,13.3203125
"1067","Wellington","2013",2013-07-21 07:28:49,4.340219794,10.390625
"1068","Wellington","2013",2013-07-21 06:59:14,4.80214114,16.30859375
"1069","Wellington","2013",2013-07-21 06:49:29,4.112093114,14.31640625
"1070","Wellington","2013",2013-07-21 06:08:49,4.038483413,8.57421875
"1071","Wellington","2013",2013-07-21 06:06:22,4.49017547,20.99609375
"1072","Wellington","2013",2013-07-21 05:31:37,4.610687255,12.1825
"1073","Wellington","2013",2013-07-21 05:29:30,4.679206605,23.69140625
"1074","Wellington","2013",2013-07-21 05:23:54,4.277757689,9.921875
"1075","Wellington","2013",2013-07-21 05:21:29,4.181915077,5.0225
"1076","Wellington","2013",2013-07-21 05:18:12,4.408424653,12.0375
"1077","Wellington","2013",2013-07-21 05:16:59,4.447771952,15.8984375
"1078","Wellington","2013",2013-07-21 05:13:50,5.179988411,13.73046875
"1079","Wellington","2013",2013-07-21 05:13:12,4.640139683,12.005
"1080","Wellington","2013",2013-07-21 05:12:23,4.73595443,13.671875
"1081","Wellington","2013",2013-07-21 05:12:02,4.168554868,6.640625
"1082","Wellington","2013",2013-07-21 05:09:30,6.493254878,15.60546875
"1083","Wellington","2013",2013-07-21 04:50:19,4.397806549,13.96484375
"1084","Wellington","2013",2013-07-21 01:15:24,4.334136198,17.48046875
"1085","Wellington","2013",2013-07-21 00:21:39,4.33590637,5.0225
"1086","Wellington","2013",2013-07-21 00:21:24,4.012698949,5.1825
"1087","Wellington","2013",2013-07-20 22:55:16,4.955740953,19.6484375
"1088","Wellington","2013",2013-07-20 21:28:21,4.557028627,15.72265625
"1089","Wellington","2013",2013-07-20 19:30:32,4.368106356,18.18359375
"1090","Wellington","2013",2013-07-20 19:22:07,4.135146541,13.02734375
"1091","Wellington","2013",2013-07-20 19:20:16,4.272368797,12.08984375
"1092","Wellington","2013",2013-07-20 19:17:10,5.76767992,20.703125
"1093","Wellington","2013",2013-07-20 19:04:42,4.118285425,20.8203125
"1094","Wellington","2013",2013-07-19 03:21:15,4.685979628,14.9609375
"1095","Wellington","2013",2013-07-18 21:06:39,5.697137644,20.64453125
"1096","Wellington","2013",2013-03-26 08:33:26,4.446718469,59.2578125
"1097","Wellington","2013",2013-03-21 11:15:54,4.321603623,36.9921875
"1098","Wellington","2013",2013-02-17 12:01:29,4.687196814,22.9296875
"1099","Wellington","2013",2013-02-02 02:59:35,4.538098521,56.2109375
"1100","Wellington","2013",2013-01-19 03:37:55,4.133414282,18.4765625
"1101","Wellington","2013",2013-01-18 16:00:25,4.696353408,102.3828125
"1102","Wellington","2017",2017-07-29 16:15:15,4.089098324,55.99061584
"1103","Wellington","2017",2017-07-24 22:34:46,4.036339674,13.203125
"1104","Wellington","2017",2017-07-11 15:05:28,4.389827238,10.74147224
"1105","Wellington","2017",2017-07-10 13:45:25,4.041830726,11.3151207
"1106","Wellington","2017",2017-07-09 18:56:13,4.166635686,4.669864178
"1107","Wellington","2017",2017-07-06 08:44:23,4.40053856,21.43715477
"1108","Wellington","2017",2017-07-04 22:32:37,4.009828002,12.64853001
"1109","Wellington","2017",2017-06-07 16:11:35,4.131839851,6.937811852
"1110","Wellington","2017",2017-05-25 00:19:40,4.059591334,25.54966736
"1111","Wellington","2017",2017-05-06 07:53:50,4.52731758,39.45207977
"1112","Wellington","2017",2017-04-30 16:37:09,4.003137438,16.822855
"1113","Wellington","2017",2017-04-26 08:20:49,4.09705138,5
"1114","Wellington","2017",2017-04-19 16:51:46,4.058423056,5
"1115","Wellington","2017",2017-04-19 16:13:54,4.588435847,5
"1116","Wellington","2017",2017-04-09 11:30:15,4.469668772,13.11219788
"1117","Wellington","2017",2017-04-09 10:57:59,4.756361467,14.25007534
"1118","Wellington","2017",2017-04-08 10:03:23,4.176905543,9.552916527
"1119","Wellington","2017",2017-04-07 07:23:23,4.579426335,10.07100296
"1120","Wellington","2017",2017-04-06 09:42:49,4.916799979,8.76951313
"1121","Wellington","2017",2017-03-26 11:17:29,4.253273682,30.078125
"1122","Wellington","2017",2017-03-23 07:51:51,4.828048828,54.30885315
"1123","Wellington","2017",2017-03-22 12:17:38,4.089867718,19.7035408
"1124","Wellington","2017",2017-03-21 10:58:19,4.351518008,12.02960491
"1125","Wellington","2017",2017-03-18 20:09:45,4.526472337,28.94654465
"1126","Wellington","2017",2017-03-12 10:14:53,4.556120234,32.09612656
"1127","Wellington","2017",2017-03-10 05:25:57,4.146461907,11.90555382
"1128","Wellington","2017",2017-03-04 07:27:38,4.510135515,9.092115402
"1129","Wellington","2017",2017-03-03 02:49:13,4.014059435,5.729643345
"1130","Wellington","2017",2017-02-23 14:36:21,4.292906125,13.17467213
"1131","Wellington","2017",2017-02-11 15:14:22,4.187417392,21.11419106
"1132","Wellington","2017",2017-02-04 10:29:10,4.646244053,76.63915253
"1133","Wellington","2017",2017-01-23 06:16:39,4.572962983,9.922762871
"1134","Wellington","2017",2017-01-14 13:42:35,4.078983428,14.95531559
"1135","Wellington","2017",2017-01-13 23:30:06,4.486061174,9.170783043
"1136","Wellington","2017",2017-01-11 00:19:21,5.070984862,12.265625
"1137","Wellington","2017",2017-01-08 12:56:08,4.418595125,5
"1138","Wellington","2017",2017-01-06 08:45:17,4.770164032,8.624846458
"1139","Wellington","2017",2017-01-05 11:17:34,5.414742933,14.36779499
"1140","Wellington","2017",2017-01-04 07:39:23,4.149248632,17.73278618
"1141","Wellington","2017",2017-01-04 06:00:07,4.147899414,93.0947113
"1142","Wellington","2017",2017-01-01 10:52:23,4.307458384,10.45758724
"1143","Wellington","2016",2016-12-29 03:00:20,4.64433068,13.203125
"1144","Wellington","2016",2016-12-29 02:34:33,5.559761479,16.015625
"1145","Wellington","2016",2016-12-28 09:03:16,4.136148792,12.734375
"1146","Wellington","2016",2016-12-24 18:37:22,4.676788094,15.078125
"1147","Wellington","2016",2016-12-23 02:39:53,4.30290733,15.078125
"1148","Wellington","2016",2016-12-22 05:41:32,4.546364339,18.828125
"1149","Wellington","2016",2016-12-20 18:29:19,4.073579378,10.81555939
"1150","Wellington","2016",2016-12-18 11:39:53,4.027850897,8.607535362
"1151","Wellington","2016",2016-12-12 05:14:21,4.721188262,15.58651829
"1152","Wellington","2016",2016-12-10 05:03:11,4.185069458,5.838881969
"1153","Wellington","2016",2016-12-06 20:40:46,4.466508235,9.399833679
"1154","Wellington","2016",2016-12-05 22:38:15,4.053444985,13.21640682
"1155","Wellington","2016",2016-12-04 03:15:47,5.515423232,10.65642548
"1156","Wellington","2016",2016-12-03 00:50:17,4.054926328,11.95474148
"1157","Wellington","2016",2016-12-01 19:44:36,4.257932226,12.12528992
"1158","Wellington","2016",2016-12-01 13:03:56,4.178305344,9.743198395
"1159","Wellington","2016",2016-11-30 09:53:49,4.215300445,14.91506577
"1160","Wellington","2016",2016-11-28 13:00:49,4.419365639,5
"1161","Wellington","2016",2016-11-28 12:28:06,4.074411689,5
"1162","Wellington","2016",2016-11-27 08:42:16,4.890867208,9.228540421
"1163","Wellington","2016",2016-11-27 08:31:11,4.530074339,26.54634285
"1164","Wellington","2016",2016-11-26 20:33:28,4.177563065,11.96108341
"1165","Wellington","2016",2016-11-25 14:22:02,4.653228397,12
"1166","Wellington","2016",2016-11-24 18:16:38,4.046097823,32.98833084
"1167","Wellington","2016",2016-11-24 08:11:07,4.011064311,5
"1168","Wellington","2016",2016-11-24 00:08:29,4.320128263,11.68395329
"1169","Wellington","2016",2016-11-23 10:04:12,4.417616563,11.84852695
"1170","Wellington","2016",2016-11-23 01:00:14,4.69603937,11.73171902
"1171","Wellington","2016",2016-11-22 20:03:00,4.167670599,14.59593201
"1172","Wellington","2016",2016-11-22 19:24:08,4.187104515,12
"1173","Wellington","2016",2016-11-22 15:54:12,4.372390108,12
"1174","Wellington","2016",2016-11-22 04:37:22,4.025190183,9.814066887
"1175","Wellington","2016",2016-11-22 00:19:42,5.548644778,29.1119442
"1176","Wellington","2016",2016-11-21 22:04:58,4.276787665,13.57351971
"1177","Wellington","2016",2016-11-21 09:57:28,4.068404673,5.312604427
"1178","Wellington","2016",2016-11-21 05:06:42,4.590429625,10.0601778
"1179","Wellington","2016",2016-11-21 02:47:09,4.107304903,10.77856255
"1180","Wellington","2016",2016-11-20 16:30:19,4.069766652,12.54061794
"1181","Wellington","2016",2016-11-19 20:48:54,4.633207705,11.68447113
"1182","Wellington","2016",2016-11-19 08:08:36,4.129108557,9.632219315
"1183","Wellington","2016",2016-11-19 07:32:09,4.109093775,12.68017197
"1184","Wellington","2016",2016-11-18 16:07:44,4.216101461,8.929696083
"1185","Wellington","2016",2016-11-18 15:17:33,4.441727849,7.568520069
"1186","Wellington","2016",2016-11-18 12:03:56,4.59762086,5
"1187","Wellington","2016",2016-11-18 11:32:15,4.242578794,10.45173931
"1188","Wellington","2016",2016-11-18 00:08:47,4.538031008,8.838127136
"1189","Wellington","2016",2016-11-17 23:42:17,4.122858394,11.89614296
"1190","Wellington","2016",2016-11-17 10:11:52,4.437962255,10.13559055
"1191","Wellington","2016",2016-11-17 09:21:58,4.209125299,9.15826416
"1192","Wellington","2016",2016-11-17 04:04:05,4.623793537,10.36133003
"1193","Wellington","2016",2016-11-17 01:01:41,4.246633305,5
"1194","Wellington","2016",2016-11-16 23:39:41,4.649850471,12.82605743
"1195","Wellington","2016",2016-11-16 21:05:00,4.973329122,11.0755682
"1196","Wellington","2016",2016-11-16 17:08:23,4.180706857,12.73612976
"1197","Wellington","2016",2016-11-16 14:41:33,4.005713317,12.79176521
"1198","Wellington","2016",2016-11-16 13:05:38,4.045476726,8.794525146
"1199","Wellington","2016",2016-11-16 09:15:14,4.028579352,15.54866886
"1200","Wellington","2016",2016-11-16 06:09:39,4.807659863,5
"1201","Wellington","2016",2016-11-16 05:01:05,4.088550192,7.511114597
"1202","Wellington","2016",2016-11-16 04:47:30,4.41789896,5
"1203","Wellington","2016",2016-11-16 03:55:15,4.366313378,5
"1204","Wellington","2016",2016-11-15 23:47:51,4.598823181,9.628955841
"1205","Wellington","2016",2016-11-15 23:01:08,4.270016049,10.76503277
"1206","Wellington","2016",2016-11-15 20:21:40,4.159643829,6.997711182
"1207","Wellington","2016",2016-11-15 19:53:02,4.743873903,8.822173119
"1208","Wellington","2016",2016-11-15 19:18:54,4.128785613,12.03287792
"1209","Wellington","2016",2016-11-15 19:03:58,4.710581905,11.70079231
"1210","Wellington","2016",2016-11-15 15:15:56,4.400438287,9.681557655
"1211","Wellington","2016",2016-11-15 15:07:19,4.18976039,5.738389015
"1212","Wellington","2016",2016-11-15 13:52:03,4.763905394,11.55106449
"1213","Wellington","2016",2016-11-15 12:56:35,4.039484937,10.91258049
"1214","Wellington","2016",2016-11-15 12:12:05,4.04307936,10.24896908
"1215","Wellington","2016",2016-11-15 09:10:03,4.108379783,10.23039818
"1216","Wellington","2016",2016-11-15 08:42:13,4.616904549,7.120433331
"1217","Wellington","2016",2016-11-15 07:12:26,4.731787607,9.750073433
"1218","Wellington","2016",2016-11-15 06:09:35,4.366682673,11.11373329
"1219","Wellington","2016",2016-11-15 04:04:43,4.297778929,11.07157421
"1220","Wellington","2016",2016-11-15 02:23:05,4.328142325,10.66363907
"1221","Wellington","2016",2016-11-15 01:47:53,4.496065056,8.526032448
"1222","Wellington","2016",2016-11-15 01:43:52,5.173879193,6.481728554
"1223","Wellington","2016",2016-11-15 01:36:35,4.063238555,5
"1224","Wellington","2016",2016-11-15 01:34:45,5.817842039,5.816515923
"1225","Wellington","2016",2016-11-14 20:08:39,4.140259147,5
"1226","Wellington","2016",2016-11-14 18:58:24,4.337666537,7.59950161
"1227","Wellington","2016",2016-11-14 15:22:39,4.713109806,10.86295986
"1228","Wellington","2016",2016-11-14 15:22:18,4.559721032,12
"1229","Wellington","2016",2016-11-14 14:38:20,4.035877296,12
"1230","Wellington","2016",2016-11-14 14:24:10,4.088587992,0.573905468
"1231","Wellington","2016",2016-11-14 14:00:34,4.030654548,39.64330292
"1232","Wellington","2016",2016-11-14 13:50:50,4.678186303,12.57973957
"1233","Wellington","2016",2016-11-14 13:26:11,4.292119026,16.05687714
"1234","Wellington","2016",2016-11-14 13:21:06,4.52710259,9.028079033
"1235","Wellington","2016",2016-11-14 12:43:44,4.073765562,7.761336803
"1236","Wellington","2016",2016-11-14 11:59:43,4.343028484,9.798614502
"1237","Wellington","2016",2016-11-14 11:30:36,4.374910561,8.713629723
"1238","Wellington","2016",2016-11-14 11:27:55,4.49465852,5
"1239","Wellington","2016",2016-11-14 11:16:42,5.024858926,7.950045109
"1240","Wellington","2016",2016-11-14 11:14:20,4.839725387,6.381960869
"1241","Wellington","2016",2016-11-14 10:14:31,4.010616249,11.63610744
"1242","Wellington","2016",2016-11-14 08:40:02,4.21806309,12.15611649
"1243","Wellington","2016",2016-11-14 07:43:28,4.252121907,6.923217773
"1244","Wellington","2016",2016-11-14 07:34:32,4.435780027,5
"1245","Wellington","2016",2016-11-14 07:21:04,5.752227217,11.48209858
"1246","Wellington","2016",2016-11-14 07:13:53,4.08371505,11.7416544
"1247","Wellington","2016",2016-11-14 06:52:53,4.507982467,11.85808372
"1248","Wellington","2016",2016-11-14 06:43:00,5.582599545,13.15195179
"1249","Wellington","2016",2016-11-14 06:29:05,4.48940346,7.339066982
"1250","Wellington","2016",2016-11-14 05:47:14,4.365076218,4.600730896
"1251","Wellington","2016",2016-11-14 05:46:32,4.129524041,9.578052521
"1252","Wellington","2016",2016-11-14 03:40:18,4.791970176,9.192276955
"1253","Wellington","2016",2016-11-14 02:50:49,4.104350215,5.851190567
"1254","Wellington","2016",2016-11-14 02:18:11,4.231659688,5.726069927
"1255","Wellington","2016",2016-11-14 01:56:07,4.090977284,11.30611992
"1256","Wellington","2016",2016-11-14 01:28:22,5.249665723,7.596300125
"1257","Wellington","2016",2016-11-14 01:00:08,4.118473947,5.7752738
"1258","Wellington","2016",2016-11-14 00:59:00,4.340158707,9.520296097
"1259","Wellington","2016",2016-11-13 23:54:58,4.830143565,11.48480892
"1260","Wellington","2016",2016-11-13 23:49:12,5.19361659,6.91605711
"1261","Wellington","2016",2016-11-13 23:17:33,5.169089164,9.81598568
"1262","Wellington","2016",2016-11-13 23:16:03,4.447419547,11.33967495
"1263","Wellington","2016",2016-11-13 22:40:23,4.219502568,12
"1264","Wellington","2016",2016-11-13 22:34:49,4.056233841,7.846745014
"1265","Wellington","2016",2016-11-13 22:24:39,4.01205378,10.11043262
"1266","Wellington","2016",2016-11-13 22:22:41,4.005663527,5
"1267","Wellington","2016",2016-11-13 22:05:50,4.076786774,13.177742
"1268","Wellington","2016",2016-11-13 21:45:32,4.444253926,11.23584747
"1269","Wellington","2016",2016-11-13 21:26:44,4.001969324,6.00217104
"1270","Wellington","2016",2016-11-13 21:18:12,4.147771844,5
"1271","Wellington","2016",2016-11-13 21:13:26,4.249215502,5
"1272","Wellington","2016",2016-11-13 20:48:25,4.514839061,13.59117603
"1273","Wellington","2016",2016-11-13 20:21:27,4.282419669,9.876040459
"1274","Wellington","2016",2016-11-13 20:03:10,4.002387075,9.126218796
"1275","Wellington","2016",2016-11-13 19:38:09,4.847272452,10.7644949
"1276","Wellington","2016",2016-11-13 19:32:44,4.641956447,2
"1277","Wellington","2016",2016-11-13 19:28:44,4.202447813,5.525749207
"1278","Wellington","2016",2016-11-13 19:22:04,4.165865517,6.929244041
"1279","Wellington","2016",2016-11-13 19:15:02,4.024610494,8.726411819
"1280","Wellington","2016",2016-11-13 19:12:40,4.197691069,7.405604362
"1281","Wellington","2016",2016-11-13 19:09:29,4.934516215,6.257890701
"1282","Wellington","2016",2016-11-13 19:09:14,4.026326512,9.548581123
"1283","Wellington","2016",2016-11-13 19:05:23,4.077429852,11.94989777
"1284","Wellington","2016",2016-11-13 18:59:55,5.297200462,6.625385284
"1285","Wellington","2016",2016-11-13 18:49:25,4.708033046,5.777476788
"1286","Wellington","2016",2016-11-13 18:34:27,5.164755511,13.29709339
"1287","Wellington","2016",2016-11-13 18:23:53,4.61750249,14.18577671
"1288","Wellington","2016",2016-11-13 18:21:36,4.460091995,4.52448988
"1289","Wellington","2016",2016-11-13 18:18:03,4.330839603,5
"1290","Wellington","2016",2016-11-13 18:04:24,4.254629144,9.380558968
"1291","Wellington","2016",2016-11-13 18:02:47,4.746410265,14.19534302
"1292","Wellington","2016",2016-11-13 17:58:32,4.038498561,4.781403065
"1293","Wellington","2016",2016-11-13 17:39:00,4.553729202,12.25845337
"1294","Wellington","2016",2016-11-13 17:30:32,4.104338449,9.12157917
"1295","Wellington","2016",2016-11-13 17:24:39,4.340919509,5.934342861
"1296","Wellington","2016",2016-11-13 17:24:24,4.056758274,7.472166538
"1297","Wellington","2016",2016-11-13 17:08:40,4.106268976,15.87096024
"1298","Wellington","2016",2016-11-13 16:53:20,4.396608773,10.50102806
"1299","Wellington","2016",2016-11-13 16:46:30,4.562366306,5.536165237
"1300","Wellington","2016",2016-11-13 16:36:18,4.334908179,11.01970196
"1301","Wellington","2016",2016-11-13 16:23:46,4.695956175,10.02085876
"1302","Wellington","2016",2016-11-13 16:21:58,4.162799662,5.081691742
"1303","Wellington","2016",2016-11-13 15:58:36,4.586894255,7.916133404
"1304","Wellington","2016",2016-11-13 15:58:01,4.514224943,5.848392487
"1305","Wellington","2016",2016-11-13 15:52:53,4.073324656,16.43365479
"1306","Wellington","2016",2016-11-13 15:38:19,4.780205835,8.787731171
"1307","Wellington","2016",2016-11-13 15:35:17,4.071459276,5
"1308","Wellington","2016",2016-11-13 15:33:04,5.525672,7.179207325
"1309","Wellington","2016",2016-11-13 15:24:55,4.479687584,9.610704422
"1310","Wellington","2016",2016-11-13 15:21:32,4.05203405,13.81511497
"1311","Wellington","2016",2016-11-13 15:16:31,4.411209563,7.179983139
"1312","Wellington","2016",2016-11-13 15:15:54,4.300645689,11.796875
"1313","Wellington","2016",2016-11-13 15:13:34,4.077550318,7.141621113
"1314","Wellington","2016",2016-11-13 15:10:24,4.555577836,11.64268017
"1315","Wellington","2016",2016-11-13 15:00:28,4.205302832,15.00640297
"1316","Wellington","2016",2016-11-13 14:57:43,4.302440855,6.6719594
"1317","Wellington","2016",2016-11-13 14:50:50,4.450686031,9.82393837
"1318","Wellington","2016",2016-11-13 14:45:59,4.422549503,11.98952579
"1319","Wellington","2016",2016-11-13 14:40:42,4.038595629,4.837872505
"1320","Wellington","2016",2016-11-13 14:20:04,4.48534095,7.305602074
"1321","Wellington","2016",2016-11-13 14:15:48,4.631894811,14.88049984
"1322","Wellington","2016",2016-11-13 14:12:29,4.515065929,4.60449028
"1323","Wellington","2016",2016-11-13 14:11:00,4.088855222,6.727848053
"1324","Wellington","2016",2016-11-13 14:09:28,4.65128805,6.467542648
"1325","Wellington","2016",2016-11-13 14:08:10,4.324383602,11.04689407
"1326","Wellington","2016",2016-11-13 14:01:23,4.186603543,9.78265667
"1327","Wellington","2016",2016-11-13 14:00:27,4.259083295,5
"1328","Wellington","2016",2016-11-13 13:53:36,4.635579971,7
"1329","Wellington","2016",2016-11-13 13:50:01,5.044271231,5.193205833
"1330","Wellington","2016",2016-11-13 13:49:09,4.035213074,6.57918644
"1331","Wellington","2016",2016-11-13 13:43:03,4.231708975,11.07826233
"1332","Wellington","2016",2016-11-13 13:41:02,4.140505981,4.805838585
"1333","Wellington","2016",2016-11-13 13:40:04,4.05386694,5
"1334","Wellington","2016",2016-11-13 13:29:43,4.523965964,5.727933407
"1335","Wellington","2016",2016-11-13 13:27:17,4.357351971,13.04690933
"1336","Wellington","2016",2016-11-13 13:25:25,4.404020204,7.256168365
"1337","Wellington","2016",2016-11-13 13:21:11,5.804140771,5
"1338","Wellington","2016",2016-11-13 13:20:39,4.022824207,5
"1339","Wellington","2016",2016-11-13 13:18:42,4.076679535,11.89686871
"1340","Wellington","2016",2016-11-13 13:12:31,4.639006809,12.48157406
"1341","Wellington","2016",2016-11-13 13:09:59,4.050979359,8.631071091
"1342","Wellington","2016",2016-11-13 13:05:40,4.189668429,4.941074848
"1343","Wellington","2016",2016-11-13 13:04:59,4.410768692,4.65229702
"1344","Wellington","2016",2016-11-13 13:04:39,4.083870934,6.943534374
"1345","Wellington","2016",2016-11-13 12:59:09,4.607072815,4.740044117
"1346","Wellington","2016",2016-11-13 12:58:30,4.011556623,5
"1347","Wellington","2016",2016-11-13 12:46:29,4.661830596,6.246483326
"1348","Wellington","2016",2016-11-13 12:45:43,4.596886409,5
"1349","Wellington","2016",2016-11-13 12:38:38,5.286243834,4.872344971
"1350","Wellington","2016",2016-11-13 12:33:16,4.582711102,8.834962845
"1351","Wellington","2016",2016-11-13 12:31:23,4.554202607,7.252886295
"1352","Wellington","2016",2016-11-13 12:22:13,5.102442812,5.199304581
"1353","Wellington","2016",2016-11-13 12:16:27,4.180059381,12.37898064
"1354","Wellington","2016",2016-11-13 12:14:32,4.111741623,15.09668636
"1355","Wellington","2016",2016-11-13 12:13:21,4.496078218,11.55945301
"1356","Wellington","2016",2016-11-13 12:12:00,5.044006012,8.148046494
"1357","Wellington","2016",2016-11-13 12:11:45,4.38780776,5
"1358","Wellington","2016",2016-11-13 12:10:21,4.457834551,7.335517406
"1359","Wellington","2016",2016-11-13 12:10:00,4.560928896,6.702774525
"1360","Wellington","2016",2016-11-13 12:04:26,4.898313193,5.517437458
"1361","Wellington","2016",2016-11-13 12:04:13,5.07044771,10.04419327
"1362","Wellington","2016",2016-11-13 12:03:55,5.147072764,5
"1363","Wellington","2016",2016-11-13 12:00:58,4.131936778,5
"1364","Wellington","2016",2016-11-13 12:00:23,4.565564635,9.116514206
"1365","Wellington","2016",2016-11-13 11:53:41,5.320425248,5
"1366","Wellington","2016",2016-11-13 11:53:14,5.226144565,5
"1367","Wellington","2016",2016-11-13 11:50:13,4.574474222,3.327513456
"1368","Wellington","2016",2016-11-13 11:49:02,4.638221943,13.87615395
"1369","Wellington","2016",2016-11-13 11:47:50,4.83864275,8.836837769
"1370","Wellington","2016",2016-11-13 11:47:03,4.228200397,8.601322174
"1371","Wellington","2016",2016-11-13 11:45:52,4.600441839,6.585529327
"1372","Wellington","2016",2016-11-13 11:45:25,4.441806642,11.64010715
"1373","Wellington","2016",2016-11-13 11:44:16,4.088879253,12.74179554
"1374","Wellington","2016",2016-11-13 11:42:45,4.662647177,11.81918144
"1375","Wellington","2016",2016-11-13 11:41:48,5.582634237,5.780201912
"1376","Wellington","2016",2016-11-13 11:35:42,5.010202647,8.46213913
"1377","Wellington","2016",2016-11-13 11:33:49,5.45523004,5.496979237
"1378","Wellington","2016",2016-11-13 11:28:17,4.139461622,5
"1379","Wellington","2016",2016-11-13 11:28:01,4.22466103,9.815570831
"1380","Wellington","2016",2016-11-13 11:24:16,5.545570123,7.260608673
"1381","Wellington","2016",2016-11-13 11:21:59,4.575887664,10.15599918
"1382","Wellington","2016",2016-11-13 11:19:32,5.318619852,5
"1383","Wellington","2016",2016-11-13 11:19:10,4.823920716,10.67810631
"1384","Wellington","2016",2016-11-13 11:18:38,5.03046443,5
"1385","Wellington","2016",2016-11-13 11:16:53,4.780315751,5
"1386","Wellington","2016",2016-11-13 11:05:14,6.024824998,4.855619431
"1387","Wellington","2016",2016-11-03 14:36:13,4.421959624,36.640625
"1388","Wellington","2016",2016-10-17 13:15:15,4.219517127,73.1680603
"1389","Wellington","2016",2016-09-30 22:59:44,4.264976904,33.80489349
"1390","Wellington","2016",2016-08-05 11:08:54,4.269432527,44.609375
"1391","Wellington","2016",2016-07-04 00:45:50,4.571879794,9.389575005
"1392","Wellington","2016",2016-06-24 12:38:43,4.699558285,13.07592869
"1393","Wellington","2016",2016-06-21 09:05:17,4.350033619,23.19549561
"1394","Wellington","2016",2016-06-11 15:57:01,4.482469633,20.67872238
"1395","Wellington","2016",2016-05-26 07:21:13,4.292364972,14.609375
"1396","Wellington","2016",2016-05-11 19:55:18,5.162885191,27.265625
"1397","Wellington","2016",2016-05-11 19:15:32,4.663071669,27.6171875
"1398","Wellington","2016",2016-05-01 00:40:18,4.349392926,28.90819359
"1399","Wellington","2016",2016-04-11 19:41:06,5.203406451,23.8671875
"1400","Wellington","2016",2016-03-10 20:24:01,4.562325921,11.25579929
"1401","Wellington","2016",2016-03-02 23:54:28,4.554939599,17.67222977
"1402","Wellington","2016",2016-02-27 14:43:04,4.484019495,18.35708427
"1403","Wellington","2016",2016-02-22 03:09:56,4.968265244,7.667494297
"1404","Wellington","2016",2016-01-29 02:20:19,4.073348951,32.4768219
"1405","Wellington","2016",2016-01-12 01:47:43,4.140446671,39.26171112
"1406","Wellington","2016",2016-01-04 02:10:40,4.06632477,23.68924713
"1407","Wellington","2016",2016-01-04 00:07:55,5.006147619,25.37735558
"1408","Wellington","2015",2015-12-29 23:36:17,4.694027632,24.8046875
"1409","Wellington","2015",2015-12-04 18:50:46,4.530793638,50.25624847
"1410","Wellington","2015",2015-11-19 14:02:35,4.348047337,14.140625
"1411","Wellington","2015",2015-11-08 10:16:21,4.016511796,19.765625
"1412","Wellington","2015",2015-10-22 09:43:59,4.427744578,5.64453125
"1413","Wellington","2015",2015-10-12 09:55:45,4.441278214,22.109375
"1414","Wellington","2015",2015-10-12 09:19:32,4.083762822,20.46875
"1415","Wellington","2015",2015-10-12 08:05:01,5.691131913,23.28125
"1416","Wellington","2015",2015-09-19 11:47:06,4.549591996,45.3125
"1417","Wellington","2015",2015-09-06 18:17:07,4.100443746,12.17535686
"1418","Wellington","2015",2015-08-30 19:52:40,4.346404725,7.90261507
"1419","Wellington","2015",2015-08-09 19:55:52,4.019203087,85.15625
"1420","Wellington","2015",2015-07-28 00:58:02,4.40164339,81.63999939
"1421","Wellington","2015",2015-07-27 20:52:20,4.417548029,73.4375
"1422","Wellington","2015",2015-07-13 20:57:45,4.130497674,30.78125
"1423","Wellington","2015",2015-07-13 16:09:31,4.322627165,10.15625
"1424","Wellington","2015",2015-07-02 17:09:08,4.134637097,47.890625
"1425","Wellington","2015",2015-06-29 09:27:33,4.117742414,56.73273468
"1426","Wellington","2015",2015-06-23 13:17:06,4.151887312,27.1484375
"1427","Wellington","2015",2015-05-20 00:23:29,4.073980494,77.890625
"1428","Wellington","2015",2015-05-15 05:34:35,4.628321241,16.30670357
"1429","Wellington","2015",2015-05-05 11:34:19,4.12548066,47.20667648
"1430","Wellington","2015",2015-04-22 22:42:42,5.150878034,22.63671875
"1431","Wellington","2015",2015-04-22 22:36:42,4.220630923,17.5390625
"1432","Wellington","2021",2021-08-28 00:52:15,4.006200061,79.41323853
"1433","Wellington","2021",2021-08-04 15:51:21,4.557384549,33.37352753
"1434","Wellington","2021",2021-04-10 10:58:29,4.080256374,12
"1435","Wellington","2021",2021-03-23 00:14:27,4.008129186,9.675219536
"1436","Wellington","2021",2021-03-12 02:53:57,4.332274,55.36306
"1437","Wellington","2021",2021-03-12 02:32:31,4.810317226,54.12031174
"1438","Wellington","2021",2021-02-27 23:59:02,4.033042242,15.80000114
"1439","Wellington","2021",2021-02-24 06:18:15,4.342119837,13.56499195
"1440","Wellington","2021",2021-02-20 05:15:06,4.494292667,24.6467762
"1441","Wellington","2021",2021-01-26 17:29:59,4.338774781,31.98724747
"1442","Wellington","2021",2021-01-21 19:02:06,4.310240761,10.56764126
"1443","Wellington","2021",2021-01-01 15:57:51,4.23994908,26.39291191
"1444","Wellington","2020",2020-12-30 12:10:27,4.536895292,23.95210266
"1445","Wellington","2020",2020-12-07 00:09:06,4.535223027,35.57626343
"1446","Wellington","2020",2020-10-28 03:01:38,4.582706258,31.58563423
"1447","Wellington","2020",2020-10-24 01:04:11,4.731594812,33.1896553
"1448","Wellington","2020",2020-09-14 20:44:47,4.19689697,30.54079247
"1449","Wellington","2020",2020-07-16 01:42:02,4.454251061,13.52614307
"1450","Wellington","2020",2020-06-23 12:16:25,4.019089494,31.02382469
"1451","Wellington","2020",2020-06-20 18:00:07,4.102872843,47.91530609
"1452","Wellington","2020",2020-06-06 23:45:50,4.357289187,31.3450985
"1453","Wellington","2020",2020-05-30 10:56:54,5.021253394,35.7023735
"1454","Wellington","2020",2020-05-29 22:56:34,4.069428754,12
"1455","Wellington","2020",2020-05-28 08:33:26,4.039109914,29.86245728
"1456","Wellington","2020",2020-05-26 00:34:04,5.396372366,34.31409836
"1457","Wellington","2020",2020-05-25 05:44:15,4.376344089,27.92135239
"1458","Wellington","2020",2020-05-25 00:38:27,4.453729609,30.08524704
"1459","Wellington","2020",2020-05-24 22:44:30,4.463502474,30.00016212
"1460","Wellington","2020",2020-05-24 20:47:23,4.0201928,29.41569138
"1461","Wellington","2020",2020-05-24 19:53:33,5.84628854,36.52345657
"1462","Wellington","2020",2020-03-28 12:18:10,4.786903019,11.54535198
"1463","Wellington","2020",2020-03-25 05:51:22,4.376807191,10.33981037
"1464","Wellington","2020",2020-02-13 15:57:17,4.280005043,10.64996719
"1465","Wellington","2020",2020-01-25 10:45:12,5.359222441,63.65792084
"1466","Wellington","2020",2020-01-25 06:27:46,4.726713814,57.21288681
"1467","Wellington","2020",2020-01-16 11:31:44,4.225283304,29.16405487
"1468","Wellington","2019",2019-12-08 10:52:53,4.155399073,9.677827835
"1469","Wellington","2019",2019-11-08 05:59:31,4.137775799,16.59485626
"1470","Wellington","2019",2019-09-22 09:58:54,4.02766774,26.0302906
"1471","Wellington","2019",2019-09-16 04:57:30,4.065339603,5
"1472","Wellington","2019",2019-09-11 06:57:48,4.502934047,84.92887878
"1473","Wellington","2019",2019-08-22 04:10:49,4.605803989,12
"1474","Wellington","2019",2019-08-19 07:28:47,4.289126245,22.2801075
"1475","Wellington","2019",2019-07-24 12:55:46,4.064681976,28.24269485
"1476","Wellington","2019",2019-06-27 19:03:00,4.244939908,11.66279984
"1477","Wellington","2019",2019-05-18 06:07:20,4.084827485,16.39205933
"1478","Wellington","2019",2019-04-23 16:37:10,4.790120006,24.61185455
"1479","Wellington","2019",2019-02-02 14:09:44,4.139311639,14.72193909
"1480","Wellington","2019",2019-02-02 14:03:33,4.261717665,12.72126102
"1481","Wellington","2019",2019-01-31 15:55:25,4.075324047,17.23449898
"1482","Wellington","2019",2019-01-23 07:09:04,4.882448441,95.47974396
"1483","Wellington","2019",2019-01-02 21:20:31,4.523561998,33
"1484","Wellington","2018",2018-12-13 20:05:17,4.430552418,38.63779831
"1485","Wellington","2018",2018-10-26 06:31:54,4.113156754,8.00701046
"1486","Wellington","2018",2018-09-10 06:27:17,4.026157178,22.65688133
"1487","Wellington","2018",2018-08-24 12:27:50,4.457712879,55.53094101
"1488","Wellington","2018",2018-08-08 05:47:55,4.244060353,17.33680153
"1489","Wellington","2018",2018-07-22 03:14:44,5.210893459,72.5447464
"1490","Wellington","2018",2018-06-29 14:18:45,4.396095018,8.299300194
"1491","Wellington","2018",2018-06-22 06:21:00,4.902052978,16.73214149
"1492","Wellington","2018",2018-06-22 05:17:07,4.054698849,15.6395216
"1493","Wellington","2018",2018-06-07 00:24:09,4.054979654,9.518713951
"1494","Wellington","2018",2018-05-28 22:45:37,4.00053226,17.18725967
"1495","Wellington","2018",2018-05-22 17:59:16,4.454102712,17.57847404
"1496","Wellington","2018",2018-05-19 19:28:35,4.01360518,18.78993988
"1497","Wellington","2018",2018-05-15 00:44:11,4.0782966,9.006388664
"1498","Wellington","2018",2018-05-12 20:40:01,4.180682326,11.52509975
"1499","Wellington","2018",2018-05-12 02:31:40,4.109037783,12.13901615
"1500","Wellington","2018",2018-05-02 17:11:49,4.419576804,11.09058571
"1501","Wellington","2018",2018-05-02 12:08:43,4.338719995,10.0186615
"1502","Wellington","2018",2018-03-07 13:20:59,4.107056753,35.85214233
"1503","Wellington","2018",2018-01-28 23:56:18,4.073269107,15.56579494
"1504","Wellington","2018",2018-01-20 01:46:50,4.286387708,27.19912529
"1505","Wellington","2018",2018-01-05 19:12:08,4.505804174,11.25929546
"1506","Wellington","2017",2017-12-07 08:30:16,4.99812928,74.47803497
"1507","Wellington","2017",2017-11-29 23:33:39,4.477548611,75.29843903
"1508","Wellington","2017",2017-11-26 13:31:35,4.114895749,31.484375
"1509","Wellington","2017",2017-11-15 15:03:33,4.677459181,10.97325611
"1510","Wellington","2017",2017-11-15 07:37:59,4.348021784,14.609375
"1511","Wellington","2017",2017-11-12 10:28:56,4.818810656,35.703125
"1512","Wellington","2017",2017-11-12 05:03:58,4.124132002,39.25346756
"1513","Wellington","2017",2017-10-09 01:24:57,4.065460583,12.1621418
"1514","Wellington","2017",2017-10-02 06:00:37,4.403528912,13.2056675
"1515","Wellington","2017",2017-09-20 02:42:10,5.080255738,15.12007618
"1516","Wellington","2017",2017-09-13 12:17:21,4.144191788,26.88936806
"1517","Wellington","2017",2017-08-19 07:39:36,4.38156584,37.95081329
